Date,Actual,Linear_Regression,Random_Forest,XGBoost,LSTM
2023-01-12,132.63308715820312,130.7170410057242,130.58949928964597,130.64403,
2023-01-13,133.79443359375,132.41592285620632,131.32769444734296,132.48077,
2023-01-17,133.0759735107422,133.847135903269,134.29532194630633,135.5156,
2023-01-18,133.1350555419922,133.3637466019105,134.77853028098022,135.50256,
2023-01-19,135.69400024414062,133.48586208783672,132.64363163176884,133.88107,
2023-01-20,138.8828887939453,135.30623641794676,137.20777881050665,137.07455,
2023-01-23,140.28048706054688,139.253756088969,138.84992444252998,140.50371,
2023-01-24,139.62103271484375,140.61997537797953,140.41666981755384,139.4152,
2023-01-25,141.68789672851562,139.35316131259728,138.77683805841275,138.85594,
2023-01-26,143.6267547607422,141.8085667154126,142.5453593078072,142.40123,
2023-01-27,140.74302673339844,144.51922137566896,143.6131227496728,143.91429,
2023-01-30,142.0126495361328,141.34823390997101,141.1774176042464,142.31311,
2023-01-31,143.1346893310547,142.6074024424517,143.19746147744127,143.34392,
2023-02-01,148.43960571289062,142.99707048379298,143.7330875624638,143.89154,
2023-02-02,152.06150817871094,148.4571103849477,148.02755549466627,147.66594,
2023-02-03,149.3352508544922,152.7538506807573,151.81083295709487,149.00348,
2023-02-06,152.20913696289062,149.75175050222134,149.47078480911804,147.85579,
2023-02-07,149.5222625732422,153.03225802201274,152.52262999103868,152.02078,
2023-02-08,148.4888153076172,150.1241126704531,149.96774169553066,150.01596,
2023-02-09,148.853515625,148.68586895451088,149.46504561819336,149.92343,
2023-02-10,151.65296936035156,149.57100793223708,150.53949091492692,150.16634,
2023-02-13,151.0122528076172,152.26012660496275,152.1930188216227,153.86397,
2023-02-14,153.11183166503906,151.1002783225572,151.6627023503412,152.1235,
2023-02-15,151.51498413085938,153.4752910130207,152.0957352365381,154.98285,
2023-02-16,150.37155151367188,152.8845815145577,151.34169338709074,152.45586,
2023-02-17,146.35964965820312,150.55719033729576,150.92105737259,150.57964,
2023-02-21,146.7835235595703,147.20188420362823,146.28100374694128,148.16745,
2023-02-22,147.2665252685547,146.90135434894938,144.98599312197982,146.93784,
2023-02-23,144.61495971679688,146.4936635929147,145.1937193510628,146.69199,
2023-02-24,145.8076629638672,144.60122826764785,143.29418861812155,144.80513,
2023-02-27,145.30494689941406,146.29042610991496,144.22809596675756,145.64627,147.70258
2023-02-28,143.2349090576172,146.0875037962935,144.3268119883599,145.23921,147.43015
2023-03-01,143.8263702392578,143.3702497084202,141.24074561802837,142.15872,146.86584
2023-03-02,148.87326049804688,144.08670107053032,142.83904769986668,144.52585,144.54442
2023-03-03,151.63330078125,148.41190103359781,148.68617708733498,146.70912,144.47739
2023-03-06,149.43511962890625,151.8045457857341,150.98969087308686,150.12857,147.2486
2023-03-07,150.68695068359375,148.9103293218143,149.79473620334102,147.53365,149.18057
2023-03-08,148.4395294189453,150.47716932694033,150.68269050885814,150.3412,148.12877
2023-03-09,146.37939453125,148.29532533008228,149.83471163858593,148.89992,148.98149
2023-03-10,148.32125854492188,146.0253211040711,146.00719336225583,145.49458,147.41656
2023-03-13,150.41094970703125,148.79413664301413,149.11624893532192,149.42078,146.09378
2023-03-14,150.80526733398438,149.8381923926836,151.47996590878444,151.086,147.67537
2023-03-15,153.62442016601562,149.97333799227988,151.64985916031503,150.89958,149.61586
2023-03-16,152.7865753173828,153.15273251594243,155.03085424385884,154.11998,150.74734
2023-03-17,155.15228271484375,152.50661018201245,151.66160794036213,153.36708,152.77415
2023-03-20,157.00546264648438,154.67331845001956,157.04537805537547,156.11288,152.59767
2023-03-21,155.57615661621094,156.59847686077666,157.94771674861923,157.9551,153.99315
2023-03-22,156.66043090820312,156.20546401913114,157.13571613189714,157.41156,155.43806
2023-03-23,157.9615936279297,156.86220293722238,157.1085209948999,158.73538,155.09853
2023-03-24,156.0197296142578,157.69251300883928,157.71684193815364,158.34953,155.66258
2023-03-27,155.398681640625,156.04431265762895,157.58873716371494,157.16096,156.65138
2023-03-28,158.47415161132812,154.97669231050867,158.05076232102354,156.6534,155.9623
2023-03-29,160.04144287109375,158.68993848740521,159.17514288696347,159.93445,155.72873
2023-03-30,162.54519653320312,160.05570342088092,159.60070111253847,158.29208,156.75052
2023-03-31,163.7970428466797,162.26372865810316,162.4038612248542,161.15298,157.46817
2023-04-03,163.26478576660156,164.09251255466148,163.2487017534649,161.68922,158.70035
2023-04-04,161.42144775390625,163.48634666253858,162.35471804549198,161.56409,159.67644
2023-04-05,162.3086395263672,161.07179005240826,161.88656037950747,161.67346,159.69917
2023-04-06,159.71617126464844,162.764396009866,162.72459242859568,160.59077,159.25871
2023-04-10,158.50375366210938,159.77866879138966,157.9914183075867,155.60565,159.81567
2023-04-11,157.813720703125,158.5640027226233,158.39868771004527,158.05359,159.5244
2023-04-12,163.19573974609375,158.17806744961172,158.46491814700613,156.41855,158.71211
2023-04-13,162.8507843017578,163.03412403274433,161.73172563258422,158.89796,157.85664
2023-04-14,162.8704833984375,162.8659659659764,162.5361789026638,159.01712,159.20598
2023-04-17,164.09275817871094,162.6548464972056,163.03887523565822,160.69995,159.51158
2023-04-18,165.2362060546875,164.49089708384196,163.47978062429124,161.38133,159.53783
2023-04-19,164.2701873779297,165.60655739558297,165.61321099538648,164.41718,159.81175
2023-04-20,162.66346740722656,164.57555589411552,164.59750334924368,161.59515,160.35995
2023-04-21,162.9690399169922,163.17318217728075,162.48717088217202,160.10823,160.42276
2023-04-24,161.4313507080078,162.8208368336738,162.79390621902067,159.56949,160.09108
2023-04-25,161.42144775390625,161.71351720076518,161.73400767876606,159.8424,160.02647
2023-04-26,166.0050811767578,161.77949739515395,162.5132396307067,159.16171,159.25255
2023-04-27,167.25694274902344,165.69774161074872,165.45563102213538,164.72469,159.09322
2023-04-28,167.168212890625,166.89500066595582,165.24110835567765,163.64464,160.22218
2023-05-01,166.13320922851562,167.11084767594656,165.02535968041798,165.0672,160.72365
2023-05-02,165.05874633789062,165.7305616493265,165.3460731789285,163.77483,160.87453
2023-05-03,163.4224395751953,165.2687329444605,165.29281120609656,164.09517,160.52278
2023-05-04,171.09140014648438,163.82224855065914,161.98386200976748,161.59914,160.00615
2023-05-05,171.02239990234375,170.62608753466526,171.101484642333,168.28722,159.83418
2023-05-08,169.3170928955078,170.80090685304555,170.31132060512095,168.16586,161.28604
2023-05-09,171.08154296875,169.1519675240794,167.32400547347524,166.59863,161.89699
2023-05-10,171.26881408691406,170.78744756042792,169.70932497823628,168.04454,161.77972
2023-05-11,170.3409423828125,171.06673007848053,169.72997019251272,167.37509,162.15755
2023-05-12,169.847412109375,169.57000949773035,169.65588752156052,167.50073,162.3437
2023-05-15,169.847412109375,169.59466422177172,169.18916099040933,167.41086,162.29796
2023-05-16,170.45941162109375,170.4222907727207,169.53446337722303,166.90826,162.22466
2023-05-17,172.78890991210938,170.09050027191492,170.10461264479932,166.23299,162.28337
2023-05-18,172.8975067138672,172.61346209233065,169.74361912799014,168.34813,162.471
2023-05-19,171.9499053955078,172.71524364621467,171.24132795715326,168.80032,162.93791
2023-05-22,169.343994140625,172.2259687338232,169.54257185009936,167.91476,162.92493
2023-05-23,169.620361328125,169.56170689746452,166.83841987352912,165.73903,162.87947
2023-05-24,170.7555389404297,169.9424720706245,166.92185880492684,166.85272,162.3106
2023-05-25,173.1639862060547,170.78576353155836,169.60404272696908,167.2325,162.25015
2023-05-26,175.00985717773438,173.04036314449473,169.58065142140066,167.46947,162.34578
2023-05-30,174.9604949951172,175.20040953105456,171.71260821194116,166.49817,162.71387
2023-05-31,177.76380920410156,175.45573960575877,172.10561797250907,167.20195,162.95566
2023-06-01,178.61270141601562,177.43520530987448,171.93890170048908,166.62527,163.03777
2023-06-02,177.26036071777344,178.12353292942265,172.04915236833355,166.6462,163.53906
2023-06-05,176.8951873779297,176.66754027781084,171.92041152984376,168.58577,163.72229
2023-06-06,175.5231475830078,176.256770192301,171.88068184758743,168.51268,163.48543
2023-06-07,178.23764038085938,176.33757953837113,172.18442798166424,168.88303,163.65526
2023-06-08,178.62257385253906,178.09943113238722,172.7080802768525,166.55025,163.651
2023-06-09,181.4160003662109,178.64340940777436,172.71536726888016,167.54497,164.08284
2023-06-12,180.9422149658203,181.25333334342344,172.53939203861776,165.87071,164.16838
2023-06-13,181.57394409179688,181.35034427720808,172.61987361653638,166.69624,164.48875
2023-06-14,183.6073455810547,181.45308230702125,172.3811784566243,166.31595,164.55222
2023-06-15,182.5314483642578,183.91524485718662,172.42634859938846,166.75882,164.65169
2023-06-16,182.6202392578125,182.38576341665737,172.22991832648378,167.48676,164.85426
2023-06-20,181.58384704589844,183.31917153500623,172.6518306325276,166.53319,164.78793
2023-06-21,184.5845489501953,181.43492003354447,172.37523802148723,166.37807,164.86937
2023-06-22,184.2686920166016,184.74783154310788,172.52197423262817,166.30624,164.79755
2023-06-23,182.87692260742188,184.48857271192722,172.38358619181312,165.91452,165.01193
2023-06-26,185.63087463378903,183.21807017844998,171.94999618021643,166.82906,165.04053
2023-06-27,186.80551147460932,185.7922739035237,172.37468085734045,165.91917,164.90222
2023-06-28,187.1410980224609,187.13337643359029,172.4378184865315,165.98257,165.04057
2023-06-29,191.4645538330078,187.4203941766742,172.63355785115553,166.9203,165.0931
2023-06-30,189.9740600585937,191.39324218635284,172.65612445540654,167.64038,165.11319
2023-07-03,188.858642578125,189.85457470458445,172.15178729756667,167.32797,165.27847
2023-07-05,189.3324279785156,189.32000384716116,172.41703159077954,166.15652,165.24942
2023-07-06,188.21701049804688,189.56164878333135,172.4356618775867,165.95074,165.24721
2023-07-07,186.1737823486328,188.70559018495527,172.18293736267086,166.55331,165.31544
2023-07-10,185.650619506836,185.88249659254933,172.65426912689202,167.758,165.2613
2023-07-11,187.3187713623047,185.13892450079177,172.54244595591223,166.71632,165.15894
2023-07-12,188.0788116455078,187.46145656507514,172.80987516239708,166.88696,165.06775
2023-07-13,188.22689819335932,188.04134494045127,172.9181747309366,166.94794,165.08015
2023-07-14,191.48426818847656,188.2567444394246,172.9435501734415,167.09488,165.08662
2023-07-17,191.2276306152344,191.6002542710898,172.6694933039347,166.0611,165.07472
2023-07-18,192.57992553710932,191.25790388140908,172.60627099863683,166.53963,165.19817
2023-07-19,190.6353759765625,193.2221550396751,172.7342629492623,167.58221,165.20403
2023-07-20,189.46075439453125,190.58710185330142,172.17546459197993,166.99484,165.28726
2023-07-21,190.2602996826172,189.20091508551147,172.42504955001104,167.36214,165.20728
2023-07-24,191.1190490722656,190.3707772716059,172.7490648422241,166.46815,165.12852
2023-07-25,191.9877014160156,191.17021044236066,172.90743696848546,167.42381,165.15742
2023-07-26,190.7241973876953,191.994754537376,172.76149504343664,166.62373,165.19334
2023-07-27,193.3004913330078,190.15291502911174,172.26503675297326,166.86113,165.2343
2023-07-28,193.91249084472656,193.2501738885851,172.41842514292395,165.72922,165.10265
2023-07-31,193.0833282470703,193.68012279343574,172.65816432189933,166.32176,165.22963
2023-08-01,190.09246826171875,193.11871892639837,172.6764371032714,166.95036,165.27197
2023-08-02,188.70069885253903,189.6452080060737,171.9846562423706,165.56122,165.25584
2023-08-03,179.6392822265625,189.15659139616804,172.92836511484776,167.4837,165.10883
2023-08-04,176.5398406982422,180.44723323166608,172.4238440746731,165.99524,165.06993
2023-08-07,177.47756958007812,176.3232105724482,172.45000306339458,166.14381,164.16148
2023-08-08,175.88833618164062,177.35252034987036,173.1132266206287,167.02805,163.48131
2023-08-09,175.6711883544922,175.54566325676058,172.61210408782958,167.05829,163.63197
2023-08-10,175.73049926757812,176.19902327253416,172.9052786378406,169.29077,163.05559
2023-08-11,177.3811492919922,176.72507928132268,173.22452163187657,169.14825,162.84209
2023-08-14,175.3944091796875,178.14352009236651,173.14664856465654,169.58821,162.91432
2023-08-15,174.52464294433594,176.22339788461073,172.69304932149248,170.62367,163.23636
2023-08-16,171.98439025878906,175.99314302526187,172.89974489084875,170.89525,162.93343
2023-08-17,172.46873474121094,172.5648338289077,171.05207512664794,168.00926,162.83003
2023-08-18,173.80307006835938,173.63378992196988,171.0683199300351,169.72719,162.0278
2023-08-21,175.177001953125,174.10009628320836,171.3738466524396,168.34021,162.42369
2023-08-22,179.0219268798828,175.6782337700239,172.88832821400953,168.69772,162.80113
2023-08-23,174.33682250976562,179.42097028168786,172.62112628646122,169.23776,163.1039
2023-08-24,176.541015625,174.4530664796377,171.5226377410889,167.42041,163.72194
2023-08-25,178.1027069091797,176.6659132107705,172.7955713166736,167.92632,162.9071
2023-08-28,181.98716735839844,178.06352630710595,172.68336463673901,167.41179,163.33919
2023-08-29,185.4762725830078,182.0024882466142,172.32560783858523,167.3651,163.64255
2023-08-30,185.6937561035156,185.06494436643518,172.66757678949259,167.65309,164.19499
2023-08-31,187.2653350830078,185.96653756014223,172.758373512268,167.42398,164.61009
2023-09-01,187.5025329589844,186.99584273662597,172.7152039947509,166.03653,164.75339
2023-09-05,180.79119873046875,187.7326135310161,172.42411091613766,165.74629,164.92308
2023-09-06,175.503173828125,179.87273719199413,172.20407302093506,167.76697,165.07188
2023-09-07,176.115966796875,176.05656866894276,171.63865763492777,168.83133,164.62848
2023-09-08,177.28231811523438,177.2603171084877,173.22281352615354,168.52158,164.53543
2023-09-11,174.25775146484375,176.6576392125087,173.17441190556113,168.04907,164.58487
2023-09-12,172.19198608398438,173.53213239488616,172.44672599684588,167.72635,164.55037
2023-09-13,173.70428466796875,172.7427968454997,171.90894612000648,168.46289,163.9629
2023-09-14,172.9827117919922,174.6239838537691,172.41443829981483,167.70439,163.50175
2023-09-15,175.90841674804688,173.08500127844465,171.7484065468699,168.97145,163.69162
2023-09-18,176.9956817626953,176.59231541662427,173.32358042362756,169.20328,163.369
2023-09-19,173.45716857910156,177.61382485588717,172.81637905375158,167.78218,163.70262
2023-09-20,171.91522216796875,173.74866985349576,172.40220947011312,165.80846,163.93004
2023-09-21,172.7652587890625,173.3036869355825,172.127885529836,167.37604,163.2022
2023-09-22,174.04029846191406,174.00950041612987,172.24390528833297,165.9154,163.02135
2023-09-25,169.96800231933594,174.83446454110538,171.75312858617872,165.34204,163.1475
2023-09-26,168.45574951171875,170.2592958066099,169.5266962143165,166.17004,163.46896
2023-09-27,168.71273803710938,168.57224908004753,166.166242672243,167.39568,162.62935
2023-09-28,169.2267303466797,169.27961183954372,166.42732473146745,167.21881,161.95332
2023-09-29,171.7373046875,169.64320232350107,167.09111395719026,168.33777,162.08862
2023-10-02,170.40292358398438,171.99418249616144,170.40422633588307,167.37862,162.1179
2023-10-03,171.6483612060547,170.5612462173063,170.55013250984095,166.9428,162.6177
2023-10-04,172.88385009765625,172.07212248295178,170.2054515278774,168.69771,162.47255
2023-10-05,175.43399047851562,172.81369226364416,169.58329613431684,166.52962,162.79521
2023-10-06,176.91659545898438,175.26594686347556,170.1605121208141,167.49287,163.02228
2023-10-09,176.3235321044922,176.37002237191626,172.13399545905696,167.86159,163.48653
2023-10-10,177.71722412109375,176.8983118069752,171.7421744188581,166.96698,163.82411
2023-10-11,178.61669921875,177.67497278979067,172.12045695313947,165.85556,163.87718
2023-10-12,176.77822875976562,178.78096644982503,172.64756349981394,166.9921,164.09044
2023-10-13,176.64971923828125,176.3267315970673,172.37044936370842,167.11891,164.2414
2023-10-16,175.097900390625,177.03445964134852,172.592040174575,167.04173,164.06625
2023-10-17,173.80307006835938,175.1448418666539,171.8558279062906,167.4592,164.21014
2023-10-18,173.42750549316406,174.62872589852546,171.7727922210693,167.67435,164.14943
2023-10-19,170.87738037109375,174.1532884801644,171.95584369187122,167.00694,164.0621
2023-10-20,170.99598693847656,171.00477609145184,169.8426121256731,166.39201,163.9128
2023-10-23,171.43089294433594,171.35642515324344,170.11461053617992,167.07587,163.34853
2023-10-24,169.11801147460938,171.31378474032627,170.05761127114494,166.43434,163.33023
2023-10-25,164.95677185058594,169.81406231352716,166.39951694389012,163.26721,163.28119
2023-10-26,166.27134704589844,164.8540508216845,164.60056612904867,164.83934,162.77151
2023-10-27,168.3173828125,167.27872263625846,164.09189039775302,162.60657,161.08365
2023-10-30,168.7918243408203,169.0687243813226,165.00732145773057,163.67142,161.31595
2023-10-31,171.95474243164062,168.54751018884386,165.59278827059097,164.59468,161.68446
2023-11-01,175.5130615234375,171.82232716629005,170.34344999451224,165.48479,161.8673
2023-11-02,174.60369873046875,175.8939331582912,172.5212218813809,167.48946,162.47993
2023-11-03,177.15380859375,174.76387727829143,170.9716541817647,167.78964,163.10204
2023-11-06,179.71380615234375,177.4272456096628,172.55765078953328,167.82724,163.3833
2023-11-07,180.7714233398437,180.10579316769537,173.00458086613241,166.65613,163.86095
2023-11-08,180.2970123291016,180.85222292440852,172.48092347462966,166.14444,164.26564
2023-11-09,184.4834747314453,180.56589483720768,172.56468853759762,166.70708,164.48067
2023-11-10,182.8999481201172,184.50732023591212,172.69799766504192,167.15402,164.54857
2023-11-13,185.5128173828125,183.00908578553668,172.51294910176588,167.37161,164.86629
2023-11-14,186.0769195556641,185.30036195003026,172.89110521697992,167.20958,164.8959
2023-11-15,187.7594757080078,187.079289583788,172.76552044932043,167.34506,165.033
2023-11-16,187.7396545410156,188.29913280747522,172.44398598734534,166.52203,165.11559
2023-11-17,189.4815826416016,187.87154938405473,172.51949486796056,166.9988,165.22298
2023-11-20,188.67990112304688,190.44816094679464,172.57223877970372,165.85077,165.2707
2023-11-21,189.343017578125,189.14397341906627,172.4053975779215,166.95728,165.37926
2023-11-22,188.0167999267578,190.4628971778215,172.46982847595208,166.5795,165.38164
2023-11-24,187.838623046875,188.64783814696156,172.3080571848551,167.66057,165.41463
2023-11-27,188.44235229492188,188.67428567579094,172.5344163106282,167.00208,165.38348
2023-11-28,187.4229431152344,189.34561555931828,172.58716022237135,166.55309,165.37418
2023-11-29,187.9969940185547,188.07692761214773,172.16287350936156,167.12338,165.38484
2023-11-30,189.27371215820312,188.01506139317112,172.5326893208821,166.41312,165.30235
2023-12-01,187.4823455810547,189.4677310937305,172.4697755025227,165.78223,165.2908
2023-12-04,191.43133544921875,187.17177616154322,172.2770751724243,166.38434,165.31256
2023-12-05,190.34266662597656,191.85262460374292,172.61630940210244,167.3806,165.20673
2023-12-06,192.27261352539065,190.34500965318787,172.06525273895258,165.79654,165.33864
2023-12-07,193.69778442382807,192.68811521118786,172.66551486714673,166.36472,165.24211
2023-12-08,191.1937713623047,193.7159909661219,172.4697755025227,166.05014,165.3044
2023-12-11,192.7080535888672,191.0219053730135,172.40055690511062,166.20007,165.36067
2023-12-12,195.9246368408203,192.18957468060972,172.53493571944458,166.15005,165.30704
2023-12-13,196.07308959960932,195.8585289659814,172.54446047428672,167.0764,165.36372
2023-12-14,195.5386505126953,195.62033004090028,172.54878651900512,166.90073,165.46297
2023-12-15,193.8759307861328,195.74650699381363,172.68036013454858,167.92516,165.46465
2023-12-18,194.91510009765625,193.79277072250773,172.34722507222486,166.7386,165.46259
2023-12-19,192.8267974853516,195.1841659268825,172.7183943023681,166.45566,165.44398
2023-12-20,192.67832946777344,192.94905435563078,172.1716115290324,166.27664,165.47057
2023-12-21,191.6094665527344,192.26069840323765,172.44278035954062,167.12555,165.37029
2023-12-22,191.06509399414065,191.40317130709008,172.28986920420323,166.29074,165.32912
2023-12-26,191.16409301757807,191.30445984812002,172.990471361796,167.5453,165.2514
2023-12-27,191.5896759033203,190.82219626639505,172.618357287089,166.34961,165.21036
2023-12-28,190.5504608154297,191.63074216522247,173.00267763010655,167.78766,165.18727
2023-12-29,183.73133850097656,190.22583888888028,172.33769185638425,167.5098,165.15422
2024-01-02,182.3555908203125,183.8079375453095,172.44333085378014,166.28485,165.04158
2024-01-03,180.03964233398438,183.24241531384496,172.65839767710364,166.4846,164.51726
2024-01-04,179.31716918945312,180.69268530855715,172.81689508310947,165.87798,164.42584
2024-01-05,183.6521148681641,179.5417914264371,172.63465729014075,166.99348,164.14456
2024-01-08,183.2364654541016,183.51971178927212,172.89274460819786,166.87141,163.86632
2024-01-09,184.2756500244141,183.29950859393728,172.67235084788,167.26764,164.25175
2024-01-10,183.6818084716797,184.6469859992731,172.6929824091593,166.71553,164.29108
2024-01-11,184.0084381103516,183.4635687068111,172.6648641557239,168.10587,164.46759
2024-01-12,181.74197387695312,184.6290246403907,172.95670152537022,167.22682,164.39348
2024-01-16,180.8017425537109,182.12846873855779,172.78458608245847,166.01501,164.48166
2024-01-17,186.69058227539065,181.16213370042834,173.02505735015868,166.28207,164.4336
2024-01-18,189.5904541015625,186.69357914646713,173.36770412663049,168.54486,164.45866
2024-01-19,191.8964691162109,189.31149822207476,173.18768569147014,167.59283,164.81425
2024-01-22,193.17320251464844,192.0052328876135,173.11198264276408,167.26259,165.04158
2024-01-23,192.5001983642578,192.94720575136037,172.93508299255365,166.38666,165.21603
2024-01-24,192.173583984375,193.0485266016046,172.7924599558512,166.64421,165.29556
2024-01-25,190.4416046142578,192.15964974619908,172.55339068058555,166.51607,165.31789
2024-01-26,189.7586975097656,190.5118024906901,172.27423407999672,166.78459,165.33955
2024-01-29,186.1066436767578,189.19846206457078,172.43478568522133,166.3559,165.31229
2024-01-30,182.50405883789065,186.08072447698493,171.87649606577554,165.84732,165.32823
2024-01-31,184.93875122070312,182.79887482464824,172.07402843983965,165.37358,165.15215
2024-02-01,183.93914794921875,185.35085107348758,173.15824529484337,167.7089,164.92812
2024-02-02,185.75030517578125,184.50621713314433,173.69108663565012,167.81026,165.0779
2024-02-05,187.35366821289065,185.28106567982212,173.20060645766483,167.78589,165.07088
2024-02-06,187.4625244140625,187.75509809626286,172.8741383565267,166.46527,165.08632
2024-02-07,186.38375854492188,187.53310402761224,172.4080229721069,167.38695,165.1829
2024-02-08,187.14682006835932,186.36849457716716,172.56964654032384,167.66582,165.11935
2024-02-09,185.4621124267578,187.75701640588608,172.65865222676587,167.47342,165.0457
2024-02-12,183.3711700439453,185.78691983498908,172.28648268127435,167.15565,165.07219
2024-02-13,182.4891967773437,183.28738469983026,172.67178332265212,166.20866,164.95848
2024-02-14,182.20181274414065,182.09155010069134,172.64628357914512,167.02237,164.81352
2024-02-15,180.66580200195312,181.95811407101527,173.11628670719688,167.62079,164.67592
2024-02-16,179.9225616455078,181.14428658353933,172.64017059580482,167.77191,164.63707
2024-02-20,180.6757049560547,180.02356661928098,172.67968879954017,167.36084,164.45683
2024-02-21,182.70721435546875,180.89141627169545,172.8464194666544,166.66574,164.3555
2024-02-22,180.8739013671875,182.7612335909615,172.73938003794348,167.12357,164.36455
2024-02-23,179.5261688232422,180.7601842935881,172.26500976816808,167.60277,164.47781
2024-02-26,180.98294067382807,179.8531886071601,172.5949302342732,167.59729,164.1704
2024-02-27,179.78379821777344,180.99141379686858,172.9200786434355,166.03806,164.00969
2024-02-28,179.11985778808594,179.5837295292513,172.37139859771727,167.51968,164.12965
2024-02-29,178.03968811035156,179.18010380583303,172.95579531484935,167.90907,163.97974
2024-03-01,173.52084350585938,177.79618044061752,172.8423211386544,167.36644,163.85313
2024-03-04,168.5857391357422,173.8871400180338,171.2419801089591,166.81567,163.79509
2024-03-05,167.5947265625,169.8550918583843,165.9546262756569,165.70828,163.21207
2024-03-06,167.47584533691406,168.19091082858293,165.05975140380858,168.19455,162.36122
2024-03-07,169.19021606445312,168.62416586409663,164.91364878336586,169.22765,161.72552
2024-03-08,171.1920166015625,170.53880028725544,167.50943042021078,168.52333,161.48865
2024-03-11,171.6676788330078,171.7860248530544,169.99189123003526,168.50227,161.68556
2024-03-12,169.5866241455078,171.61518040875,170.38158850855757,167.3106,161.99786
2024-03-13,171.4397735595703,170.20351336340076,167.60687112508896,165.5239,162.14488
2024-03-14,171.06317138671875,172.197873355097,170.072228767165,167.01544,161.79456
2024-03-15,172.15325927734375,171.5168479521476,170.98599283904983,167.59988,162.10786
2024-03-18,174.49197387695312,172.69418726234312,171.38766083714208,167.61674,162.31349
2024-03-19,177.05860900878906,174.32580585634634,171.36048808070584,168.4389,162.3475
2024-03-20,169.82444763183594,177.02741333737234,172.9458834097726,167.93274,162.90923
2024-03-21,170.72625732421875,169.33990194946023,169.5374720432079,166.62904,163.50862
2024-03-22,169.3091278076172,170.80960419872815,170.7723133067158,169.00385,162.02632
2024-03-25,168.17945861816406,169.96651594769412,167.8082862250506,168.0125,162.36903
2024-03-26,171.7469482421875,169.04538913208444,165.42530416531037,166.31982,162.42397
2024-03-27,169.93345642089844,171.6358783663021,170.28459629648637,169.63513,162.28554
2024-03-28,168.4965362548828,170.11612972669127,169.72734033854434,167.81631,162.84152
2024-04-01,167.3172607421875,168.47020203042163,164.77672946249132,165.24838,162.63477
2024-04-02,168.1199493408203,167.74795912317174,164.11885931069503,163.42903,162.22546
2024-04-03,167.29745483398438,168.87549253324636,165.31332338048543,164.64655,161.8904
2024-04-04,168.0505828857422,167.84336368367462,165.7508922122774,165.487,161.91127
2024-04-05,166.93077087402344,168.35997677928611,164.5488781807309,164.57564,161.50456
2024-04-08,168.13975524902344,167.39476304674935,163.6698771652948,163.07893,161.55405
2024-04-09,166.26683044433594,168.54594751654025,164.7215638740176,164.35715,161.26117
2024-04-10,173.46133422851562,166.4304267974369,163.94458148883638,164.09265,161.42311
2024-04-11,174.95774841308594,173.297932499482,170.60201579173952,168.57588,160.91162
2024-04-12,171.132568359375,175.50544860920746,171.71862308350705,168.9363,162.05336
2024-04-15,167.8524169921875,171.36865139440647,169.14221603070004,166.77574,162.73303
2024-04-16,166.48484802246094,168.1831284482272,166.78623337227955,165.05582,162.22765
2024-04-17,165.53350830078125,167.41433046974677,165.59243271164667,164.67226,161.42686
2024-04-18,163.51193237304688,165.73997323194476,164.3237710255214,163.84657,161.10048
2024-04-19,164.34432983398438,163.3699380349288,161.84956901092374,159.04991,160.82118
2024-04-22,165.394775390625,164.79732120609395,164.15156460970923,161.34708,160.18651
2024-04-23,167.4956817626953,165.6833516053248,164.2213590149652,161.2419,160.2804
2024-04-24,168.35780334472656,167.64430626171145,165.84547743939595,163.54128,160.63399
2024-04-25,167.77313232421875,168.18260163284373,165.10998756624042,162.94788,161.20035
2024-04-26,171.93524169921875,168.5331989220727,164.92107433888268,163.58145,161.42766
2024-04-29,168.79383850097656,172.59934250337733,170.9148158644419,168.34312,161.33937
2024-04-30,167.77313232421875,168.96991299523347,165.95601878366418,165.53307,161.95758
2024-05-01,171.46946716308594,168.8713452531,165.91960088384724,165.35846,161.35155
2024-05-02,181.7261505126953,170.92086191004893,170.08948710691652,168.72139,161.39507
2024-05-03,180.0712127685547,180.05041952605166,173.10434414072185,168.48215,162.03633
2024-05-06,180.7549743652344,179.6902960967176,172.9622030519031,170.01503,162.87149
2024-05-07,181.0919342041016,180.625962835343,173.61128121505007,168.72292,163.3654
2024-05-08,182.90542602539065,181.31147730959032,173.9954732233683,167.86185,163.80714
2024-05-09,181.64517211914065,183.35096891362656,173.35682263310747,167.5155,164.18929
2024-05-10,184.8503570556641,181.28905702567843,173.16660963948564,167.92787,164.61247
2024-05-13,185.99151611328125,185.0577584465819,173.4451325289408,168.5269,164.7222
2024-05-14,188.2639617919922,186.22475682685302,173.709144938151,168.22414,164.99161
2024-05-15,188.383041381836,188.75651090840282,173.70498340352376,168.4462,165.14198
2024-05-16,188.41281127929688,189.1005863333285,173.85751307423908,169.12735,165.3217
2024-05-17,189.5738220214844,189.5384548311407,173.01920078531893,169.28177,165.37927
2024-05-20,190.8737945556641,190.59533675548118,172.6775438690185,168.18057,165.43013
2024-05-21,189.43492126464844,191.84149664925002,172.91426983133945,168.46045,165.49504
2024-05-22,185.4457855224609,190.01042841127918,172.22034087626136,168.81413,165.53705
2024-05-23,188.5219573974609,185.71335565507934,171.72696424357093,167.63971,165.50383
2024-05-24,188.5319061279297,189.19962481432725,172.32330503590896,167.01408,165.32585
2024-05-28,188.82958984375,189.0002835017729,172.24708535475952,168.51584,165.40704
2024-05-29,189.8219146728516,189.90694901191614,172.44353587595617,167.52336,165.36412
2024-05-30,190.7745513916016,190.53981871694214,172.80398368072503,167.12622,165.38606
2024-05-31,192.5408935546875,190.68340391960498,172.61961738840736,166.78676,165.39606
2024-06-03,192.85842895507807,192.9635075984338,172.43664766438798,166.1691,165.3897
2024-06-04,194.3667449951172,192.7630270923824,172.50890796407057,166.56549,165.43797
2024-06-05,192.9874420166016,194.7293930786413,172.66551486714673,166.6782,165.4241
2024-06-06,195.3789520263672,193.28724631345045,172.11243221028639,166.41806,165.45518
2024-06-07,191.6378631591797,195.34808089840382,172.44670844523108,166.2278,165.4037
2024-06-10,205.5601806640625,190.86431176613792,171.98494019317627,166.10364,165.48512
2024-06-11,211.4347686767578,204.37772324456083,173.36633311244415,169.88013,165.28656
2024-06-12,212.5957794189453,212.13443023240575,173.81931572396414,169.23163,165.6135
2024-06-13,210.8592071533203,211.48234118410406,173.81160086241223,169.6724,165.73587
2024-06-14,215.00714111328125,210.87470398702612,173.19826488749186,170.08351,165.7852
2024-06-17,212.6453857421875,215.99755836644383,173.68480979919437,170.05086,165.80034
2024-06-18,208.07077026367188,212.17841722927784,172.92214571126303,168.85358,165.84894
2024-06-20,205.8975982666016,207.5981495395991,172.84203986612957,168.25194,165.832
2024-06-21,206.5426025390625,206.49213568583238,173.03756809997557,167.27069,165.80031
2024-06-24,207.4654998779297,207.9754571442513,173.74340708414715,169.75792,165.77193
2024-06-25,211.61338806152344,208.22146691740207,173.8184238497416,168.8628,165.79146
2024-06-26,212.4568634033203,211.66945097869382,173.86686411794028,169.46687,165.79445
2024-06-27,209.0035552978516,212.18464544537983,173.84910654449462,167.24329,165.81358
2024-06-28,215.0865173339844,208.60359715484606,173.07164265441898,166.34534,165.8073
2024-07-01,218.5794982910156,215.47625195502692,173.94391141764325,167.60594,165.74097
2024-07-02,219.84967041015625,218.34561127894213,173.77094345855713,168.97488,165.81175
2024-07-03,224.6029052734375,219.53818747935935,174.0282048467,168.23756,165.84006
2024-07-05,226.07159423828125,224.5890333988179,173.83716334788002,169.66805,165.84697
2024-07-08,226.92495727539065,224.5824821084326,173.86820414988196,169.22629,165.87247
2024-07-09,231.19195556640625,226.61480739083473,173.61661839421586,168.57454,165.87352
2024-07-10,225.823486328125,231.13529047342422,173.79405032057988,169.27277,165.87888
2024-07-11,228.77069091796875,225.0250290588867,172.97009438578286,168.3797,165.89436
2024-07-12,232.6010589599609,229.50705776484457,173.70462807210285,167.92766,165.85802
2024-07-15,233.01785278320312,231.86655432802579,173.38631878407796,168.8903,165.88078
2024-07-16,227.1234436035156,232.44384908160066,173.63571121724445,168.60994,165.88008
2024-07-17,222.45948791503903,227.31248525722185,173.2623694407145,168.84547,165.88324
2024-07-18,222.5885009765625,221.4763948618479,173.09889515940347,168.2138,165.86081
2024-07-19,222.24122619628903,223.6396854860994,173.97207240549724,169.22688,165.7978
2024-07-22,223.2831268310547,221.96284535142826,173.73721313730871,169.21925,165.80989
2024-07-23,216.8627471923828,223.24480143247365,174.13765426345097,169.09422,165.77983
2024-07-24,215.8208465576172,216.07554606741115,173.29843575032552,169.54948,165.78566
2024-07-25,216.2872314453125,215.5104381155251,173.67385452488492,170.67952,165.62834
2024-07-26,216.5651092529297,216.1521781801082,174.09254289935885,170.29506,165.61864
2024-07-29,217.1208038330078,216.71237424671145,174.0520361702329,169.62036,165.63988
2024-07-30,220.3756103515625,216.20752221349434,174.0125603096372,167.74763,165.64888
2024-07-31,216.6841583251953,220.66424060903185,173.85711487924485,169.2201,165.63725
2024-08-01,218.17266845703125,215.19946679040928,173.07910960642496,166.97386,165.69337
2024-08-02,207.66392517089844,219.16957400174599,173.91547356257365,167.14969,165.5494
2024-08-05,205.6395874023437,208.46113310600063,173.52939271206327,165.74854,165.62506
2024-08-06,208.209716796875,205.31087751941985,173.7068212327503,165.95775,165.32533
2024-08-07,211.6729278564453,209.40620228194882,173.9558554680234,166.31493,165.33488
2024-08-08,214.58042907714844,209.8378226385638,173.91679579089939,167.23746,165.41902
2024-08-09,216.1103973388672,214.33358283859764,173.9264036654518,168.1415,165.51009
2024-08-12,219.8259735107422,216.50183386765806,173.98338651965915,167.6269,165.63803
2024-08-13,220.27305603027344,219.9387631682115,173.79398463276456,166.61964,165.69702
2024-08-14,223.25344848632807,220.22277660802519,173.57117844445366,166.5706,165.76306
2024-08-15,224.5747833251953,222.2622910729543,173.69253912607823,166.68146,165.78595
2024-08-16,224.41583251953125,224.50102866967464,173.56373618916103,166.03764,165.8177
2024-08-19,225.0317840576172,223.11606438318537,173.45251101012454,166.60779,165.84373
2024-08-20,224.9225006103516,225.00575224233717,173.99756078592935,167.45374,165.84904
2024-08-21,223.064697265625,224.78739126305615,173.5316833505176,166.9631,165.86165
2024-08-22,225.359619140625,222.38595507261087,173.15033545902796,168.98895,165.86104
2024-08-23,225.6974029541016,225.31831335635067,173.77409767368863,167.48575,165.84157
2024-08-26,226.5418701171875,224.80840983052354,173.18321112405684,167.41034,165.85283
2024-08-27,225.01193237304688,226.68479534054316,172.91078504144573,167.40572,165.84709
2024-08-28,228.29039001464844,225.5389943390644,172.3626772766113,168.08218,165.85411
2024-08-29,227.5055389404297,229.07516307809982,172.86830174981978,167.50264,165.83699
2024-08-30,221.31619262695312,227.3707419170749,172.47455633799228,167.81587,165.8524
2024-09-03,219.40870666503903,220.40718625108804,172.22729657236735,167.18199,165.8451
2024-09-04,220.92874145507807,218.69909242212222,173.2968184509277,169.00641,165.78003
2024-09-05,219.3789520263672,222.42857961568413,173.83419969140917,167.98764,165.78532
2024-09-06,219.4683380126953,218.8695959566688,173.32828643290202,167.85492,165.79576
2024-09-09,218.67355346679688,217.83008992791457,173.9708012081328,169.27162,165.74294
2024-09-10,221.20692443847656,218.574845611681,174.0176305102394,168.9959,165.74303
2024-09-11,221.31619262695312,219.89103633154537,174.07839477212087,168.16139,165.73723
2024-09-12,221.04795837402344,220.5587434413448,174.12281538318453,167.915,165.75632
2024-09-13,214.9082946777344,221.0959188140848,174.00167003377274,169.00734,165.7564
2024-09-16,215.375228881836,214.99103948411027,173.67336771138508,166.18823,165.75443
2024-09-17,219.2497711181641,215.65114842766457,174.20552275085447,166.91974,165.6938
2024-09-18,227.3763885498047,219.96336089334454,174.07839477212087,168.24025,165.71565
2024-09-19,226.7107391357422,226.7570046922024,173.9582369021461,168.1967,165.7534
2024-09-20,224.99205017089844,226.65800914987497,173.61073585098504,168.05675,165.81723
2024-09-23,225.8861541748047,225.48220651477303,173.4533678610665,168.81723,165.77374
2024-09-24,224.8927001953125,225.51243675002462,173.69035567910328,167.33026,165.8029
2024-09-25,226.0352020263672,225.23147758883306,173.58360986164635,167.42253,165.8155
2024-09-26,226.30340576171875,225.36019971389646,173.51764578337895,166.9723,165.82613
2024-09-27,231.4794464111328,226.3138380501705,173.85287755330398,167.75488,165.8315
2024-09-30,224.73374938964844,231.05117771743244,173.63210693450202,167.96103,165.82884
2024-10-01,225.30001831054688,223.29574468109604,172.87851074981688,168.25787,165.86034
2024-10-02,224.197265625,224.3751249906074,173.87748069944834,168.51468,165.80559
2024-10-03,225.3199005126953,224.1954186006659,173.78210762968516,167.82974,165.83061
2024-10-04,220.2432403564453,224.08687285834537,173.66818567584806,167.35185,165.82426
2024-10-07,224.296615600586,220.2726692186855,173.14236945088706,167.27432,165.81401
2024-10-08,228.04200744628903,224.1087066804468,174.12664580535886,168.71228,165.76277
2024-10-09,227.5452423095703,227.89154774004655,173.9278552674793,169.22041,165.8045
2024-10-10,226.06500244140625,227.5921135823915,173.9552976506551,168.72958,165.83415
2024-10-11,229.79054260253903,226.00787792776228,173.31293986256915,168.65964,165.82906
2024-10-14,232.32388305664065,230.210327013443,173.35740805943806,167.60461,165.80933
2024-10-15,230.2673797607422,232.60268209494828,173.804509210859,168.62172,165.8395
2024-10-16,230.634994506836,229.64970982224855,173.7429965642293,168.62532,165.84236
2024-10-17,233.4663848876953,229.84144346529834,173.485461701711,167.91298,165.83766
2024-10-18,234.93670654296875,232.89743781082356,173.80875281524655,168.2437,165.83711
2024-10-21,234.3207550048828,235.1721821958496,173.42525968170162,167.21744,165.85022
2024-10-22,229.2540435791016,233.996108343481,173.33236737787152,166.973,165.86325
2024-10-23,229.0653076171875,228.01318531604525,172.75225354003905,168.36722,165.86525
2024-10-24,229.8998260498047,229.12387567809387,173.66461784871416,167.79594,165.81786
2024-10-25,231.87681579589844,230.79313554771164,173.43875275893436,166.94833,165.8343
2024-10-28,232.1450653076172,231.9867604214831,173.49970418039953,166.86938,165.83324
2024-10-29,228.598373413086,232.19208837210684,173.10078712717686,168.02448,165.83571
2024-10-30,224.4357147216797,228.75168266312946,172.77509815470378,166.78822,165.83589
2024-10-31,221.4552764892578,224.55360026101195,172.76195097351072,167.08601,165.79906
2024-11-01,220.56114196777344,222.8645309280053,173.6886860224406,166.77174,165.75244
2024-11-04,221.99176025390625,220.97711164620887,173.4858894488017,166.47697,165.7448
2024-11-05,221.26649475097656,222.29116437456764,173.47387066014605,167.36336,165.73415
2024-11-06,225.9954376220703,222.02113650364083,173.5299543275379,167.02353,165.74188
2024-11-07,225.72694396972656,226.2904844488064,173.5326771176656,168.22954,165.70882
2024-11-08,223.01173400878903,226.37329127675403,173.69047407531733,167.6646,165.7696
2024-11-11,223.01173400878903,222.49010586705884,173.68897520192462,166.31123,165.76636
2024-11-12,223.8969116210937,223.63723859882236,173.2779785512288,168.47304,165.74254
2024-11-13,226.9800720214844,224.42439172157725,173.3856394471668,168.12361,165.75316
2024-11-14,223.77755737304688,227.28353439765922,173.3712423982166,167.11975,165.76888
2024-11-15,226.7811584472656,223.77151714204362,172.8372484486897,166.78323,165.80641
2024-11-18,227.0397491455078,227.34058792915798,173.34236085728233,167.4189,165.77492
2024-11-19,227.75582885742188,227.6830447525311,173.42600639561243,166.51915,165.81201
2024-11-20,227.2784423828125,227.0999259940559,173.3499709494454,167.09274,165.81291
2024-11-21,228.62110900878903,226.36391075907048,173.29401883661177,167.41563,165.81587
2024-11-22,231.60479736328125,229.20801093729781,173.2903442764282,166.74934,165.80655
2024-11-25,233.78292846679688,230.8656670510503,173.2665179723709,167.46768,165.82321
2024-11-26,233.6536102294922,233.9436532406883,173.17587857818597,166.17996,165.83495
2024-11-27,236.04058837890625,233.79468465772547,173.0854633051554,167.67346,165.85005
2024-11-29,238.2882843017578,236.03147756103036,173.02409334019248,166.63403,165.85316
2024-12-02,241.3316650390625,238.93545338068125,172.8608234808785,166.73265,165.87314
2024-12-03,241.68972778320312,241.14584563707663,172.8932484457833,167.48804,165.88242
2024-12-04,241.7195587158203,241.6814830312708,172.7615977503458,167.855,165.89754
2024-12-05,241.5206298828125,241.96116024736517,172.72346610768628,168.39752,165.89626
2024-12-06,245.409408569336,242.5739890118127,172.8145604044596,167.3614,165.89528
2024-12-09,246.42385864257807,246.1192223862751,172.7228894904,168.11542,165.89328
2024-12-10,245.1508331298828,246.51737756647134,172.6112934977213,167.54907,165.91422
2024-12-11,246.61282348632807,246.34768984417963,172.5133858842395,168.03749,165.911
2024-12-12,246.78192138671875,247.24185004005943,172.44618554178868,166.87225,165.90053
2024-12-13,249.6761016845703,247.51123439733112,172.4222064056396,167.63994,165.90656
2024-12-16,252.1028289794922,250.39239081717045,172.5749038463774,167.16377,165.9025
2024-12-17,246.70233154296875,252.82309801242806,172.77084444391159,168.40067,165.91223
2024-12-18,248.4328765869141,247.40734290304007,172.16820757293698,167.82988,165.91696
2024-12-19,253.1073455810547,249.81271456924645,173.31389231654572,168.78711,165.88225
2024-12-20,253.88311767578125,252.65071078102372,173.8339247153146,168.98235,165.8985
2024-12-23,256.79718017578125,253.8785830606115,173.82922448730463,169.00978,165.9069
2024-12-24,257.6127319335937,256.99039418708065,173.70763251241044,167.99745,165.90474
2024-12-26,254.2013702392578,258.4277936508131,173.68114783223467,168.602,165.91058
2024-12-27,250.82977294921875,253.6244823572571,173.25115882364906,168.18182,165.90761
2024-12-30,249.05946350097656,251.51462506700616,173.68790166473383,168.12416,165.88658
