Date,Target
2015-03-16,28.24842834472656
2015-03-17,28.566404342651367
2015-03-18,28.35071563720703
2015-03-19,27.99493408203125
2015-03-20,28.286226272583008
2015-03-23,28.17060089111328
2015-03-24,27.43459701538086
2015-03-25,27.625825881958008
2015-03-26,27.40569877624512
2015-03-27,28.09944725036621
2015-03-30,27.668073654174805
2015-03-31,27.62804412841797
2015-04-01,27.865970611572266
2015-04-02,28.317359924316406
2015-04-06,28.019399642944336
2015-04-07,27.928232192993164
2015-04-08,28.141698837280277
2015-04-09,28.26177024841309
2015-04-10,28.206178665161133
2015-04-13,28.083879470825195
2015-04-14,28.19061851501465
2015-04-15,28.054977416992188
2015-04-16,27.739229202270508
2015-04-17,28.37294578552246
2015-04-20,28.219520568847656
2015-04-21,28.599760055541992
2015-04-22,28.833229064941406
2015-04-23,28.968870162963867
2015-04-24,29.495868682861328
2015-04-27,29.031137466430664
2015-04-28,28.604196548461918
2015-04-29,27.828168869018555
2015-04-30,28.673139572143555
2015-05-01,28.617542266845703
2015-05-04,27.972705841064453
2015-05-05,27.79704093933105
2015-05-06,27.968971252441406
2015-05-07,28.495929718017575
2015-05-08,28.20565795898437
2015-05-11,28.105180740356445
2015-05-12,28.136436462402344
2015-05-13,28.792911529541016
2015-05-14,28.752708435058597
2015-05-15,29.069780349731445
2015-05-18,29.042993545532227
2015-05-19,29.040752410888672
2015-05-20,29.337718963623047
2015-05-21,29.594501495361328
2015-05-22,28.942502975463867
2015-05-26,29.482858657836918
2015-05-27,29.4247989654541
2015-05-28,29.08987808227539
2015-05-29,29.14792823791504
2015-06-01,29.018423080444336
2015-06-02,29.054149627685547
2015-06-03,28.88445472717285
2015-06-04,28.725923538208008
2015-06-05,28.53612518310547
2015-06-08,28.45127487182617
2015-06-09,28.777271270751957
2015-06-10,28.71251678466797
2015-06-11,28.39545249938965
2015-06-12,28.33962821960449
2015-06-15,28.4914608001709
2015-06-16,28.424480438232425
2015-06-17,28.55398368835449
2015-06-18,28.2681827545166
2015-06-19,28.49370002746582
2015-06-22,28.36419105529785
2015-06-23,28.605337142944336
2015-06-24,28.469135284423828
2015-06-25,28.30167007446289
2015-06-26,27.80597496032715
2015-06-29,28.006929397583008
2015-06-30,28.2681827545166
2015-07-01,28.23245429992676
2015-07-02,28.134206771850582
2015-07-06,28.064990997314453
2015-07-07,27.36832618713379
2015-07-08,26.81011390686035
2015-07-09,27.52686309814453
2015-07-10,28.058290481567383
2015-07-13,28.0471248626709
2015-07-14,28.317306518554688
2015-07-15,28.694652557373047
2015-07-16,28.942502975463867
2015-07-17,29.48956680297852
2015-07-20,29.19482421875
2015-07-21,27.96004295349121
2015-07-22,27.946651458740234
2015-07-23,27.799278259277344
2015-07-24,27.412988662719727
2015-07-27,27.54919815063477
2015-07-28,27.462108612060547
2015-07-29,27.32366943359375
2015-07-30,27.084754943847656
2015-07-31,26.44615364074707
2015-08-03,25.597658157348636
2015-08-04,25.76736068725586
2015-08-05,25.823434829711918
2015-08-06,25.91090965270996
2015-08-07,26.852962493896484
2015-08-10,25.45558357238769
2015-08-11,25.848106384277344
2015-08-12,25.82792091369629
2015-08-13,26.00960350036621
2015-08-14,26.27876091003418
2015-08-17,26.130720138549805
2015-08-18,25.7965145111084
2015-08-19,25.267179489135746
2015-08-20,23.72176170349121
2015-08-21,23.129621505737305
2015-08-24,23.2686767578125
2015-08-25,24.603254318237305
2015-08-26,25.32773971557617
2015-08-27,25.410724639892575
2015-08-28,25.291841506958008
2015-08-31,24.1613826751709
2015-09-01,25.197641372680664
2015-09-02,24.75577735900879
2015-09-03,24.509048461914062
2015-09-04,25.19090843200684
2015-09-08,24.706432342529297
2015-09-09,25.249231338500977
2015-09-10,25.617088317871094
2015-09-11,25.86380958557129
2015-09-14,26.081377029418945
2015-09-15,26.110538482666016
2015-09-16,25.55203437805176
2015-09-17,25.446613311767575
2015-09-18,25.84137344360352
2015-09-21,25.435401916503903
2015-09-22,25.641756057739254
2015-09-23,25.794279098510746
2015-09-24,25.72922706604004
2015-09-25,25.220075607299805
2015-09-28,24.46194839477539
2015-09-29,24.740079879760746
2015-09-30,24.578577041625977
2015-10-01,24.758018493652344
2015-10-02,24.847740173339844
2015-10-05,24.966615676879883
2015-10-06,24.847740173339844
2015-10-07,24.56063461303711
2015-10-08,25.14829635620117
2015-10-09,25.03166007995605
2015-10-12,25.074275970458984
2015-10-13,24.719890594482425
2015-10-14,25.08998107910156
2015-10-15,24.906051635742188
2015-10-16,25.06081962585449
2015-10-19,25.51838493347168
2015-10-20,25.51614570617676
2015-10-21,25.906423568725582
2015-10-22,26.709413528442383
2015-10-23,25.857074737548828
2015-10-26,25.693344116210938
2015-10-27,26.752025604248047
2015-10-28,27.034645080566406
2015-10-29,26.803619384765625
2015-10-30,27.18043327331543
2015-11-02,27.49220848083496
2015-11-03,27.36436462402344
2015-11-04,27.238216400146484
2015-11-05,27.269746780395508
2015-11-06,27.15937042236328
2015-11-09,26.30339813232422
2015-11-10,26.15472221374512
2015-11-11,26.066879272460938
2015-11-12,25.305498123168945
2015-11-13,25.719972610473636
2015-11-16,25.609600067138672
2015-11-17,26.4205265045166
2015-11-18,26.756160736083984
2015-11-19,26.873294830322266
2015-11-20,26.52414894104004
2015-11-23,26.778688430786133
2015-11-24,26.58722305297852
2015-11-25,26.53766250610352
2015-11-27,26.64803695678711
2015-11-30,26.43178939819336
2015-12-01,26.19301986694336
2015-12-02,25.94973564147949
2015-12-03,26.81247901916504
2015-12-04,26.643537521362305
2015-12-07,26.632272720336918
2015-12-08,26.04434585571289
2015-12-09,26.16824150085449
2015-12-10,25.494718551635746
2015-12-11,25.337038040161133
2015-12-14,24.88877296447754
2015-12-15,25.08023834228516
2015-12-16,24.548633575439453
2015-12-17,23.88412857055664
2015-12-18,24.17696189880371
2015-12-21,24.154436111450195
2015-12-22,24.46528625488281
2015-12-23,24.334644317626957
2015-12-24,24.06208038330078
2015-12-28,24.494571685791016
2015-12-29,24.174711227416992
2015-12-30,23.710676193237305
2015-12-31,23.73094749450684
2016-01-04,23.13626480102539
2016-01-05,22.683494567871094
2016-01-06,21.72614479064941
2016-01-07,21.841033935546875
2016-01-08,22.194684982299805
2016-01-11,22.516801834106445
2016-01-12,21.93789291381836
2016-01-13,22.417688369750977
2016-01-14,21.879323959350582
2016-01-15,21.77345848083496
2016-01-19,21.80274200439453
2016-01-20,21.69236183166504
2016-01-21,22.845678329467773
2016-01-22,22.399677276611328
2016-01-25,22.523557662963867
2016-01-26,21.04361915588379
2016-01-27,21.194541931152344
2016-01-28,21.92662811279297
2016-01-29,21.721643447875977
2016-02-01,21.28238868713379
2016-02-02,21.703628540039062
2016-02-03,21.87801170349121
2016-02-04,21.293689727783203
2016-02-05,21.517906188964844
2016-02-08,21.513378143310547
2016-02-09,21.350318908691406
2016-02-10,21.221216201782227
2016-02-11,21.28689956665039
2016-02-12,21.88707733154297
2016-02-16,22.222267150878903
2016-02-17,21.801006317138672
2016-02-18,21.75118637084961
2016-02-19,21.94142723083496
2016-02-22,21.4454402923584
2016-02-23,21.764766693115234
2016-02-24,21.914247512817383
2016-02-25,21.94821548461914
2016-02-26,21.898399353027344
2016-02-29,22.768081665039062
2016-03-01,22.817907333374023
2016-03-02,22.987764358520508
2016-03-03,23.329748153686523
2016-03-04,23.071563720703125
2016-03-07,22.881317138671875
2016-03-08,22.901704788208008
2016-03-09,22.913028717041016
2016-03-10,23.159887313842773
2016-03-11,23.218774795532227
2016-03-14,23.685325622558597
2016-03-15,24.00013732910156
2016-03-16,23.96163558959961
2016-03-17,23.98880386352539
2016-03-18,23.986547470092773
2016-03-21,24.169994354248047
2016-03-22,24.036375045776367
2016-03-23,23.93219566345215
2016-03-24,23.82347297668457
2016-03-28,24.38741874694824
2016-03-29,24.813196182250977
2016-03-30,24.68410873413086
2016-03-31,24.910585403442383
2016-04-01,25.1665096282959
2016-04-04,24.869815826416016
2016-04-05,25.13027572631836
2016-04-06,24.58218765258789
2016-04-07,24.6093692779541
2016-04-08,24.69090461730957
2016-04-11,25.01250457763672
2016-04-12,25.374879837036133
2016-04-13,25.388458251953125
2016-04-14,24.878877639770508
2016-04-15,24.34212684631348
2016-04-18,24.213029861450195
2016-04-19,24.262842178344727
2016-04-20,24.00013732910156
2016-04-21,23.9344539642334
2016-04-22,23.798568725585938
2016-04-25,23.63323974609375
2016-04-26,22.15431785583496
2016-04-27,21.477144241333008
2016-04-28,21.23027801513672
2016-04-29,21.20763397216797
2016-05-02,21.556411743164062
2016-05-03,21.33219718933105
2016-05-04,21.245603561401367
2016-05-05,21.127120971679688
2016-05-06,21.1430721282959
2016-05-09,21.2866268157959
2016-05-10,21.079275131225582
2016-05-11,20.58481216430664
2016-05-12,20.625831604003903
2016-05-13,21.391441345214844
2016-05-16,21.302570343017575
2016-05-17,21.54638671875
2016-05-18,21.464353561401367
2016-05-19,21.69676971435547
2016-05-20,21.97248077392578
2016-05-23,22.30742835998535
2016-05-24,22.69934844970703
2016-05-25,22.87936210632324
2016-05-26,22.865692138671875
2016-05-27,22.754039764404297
2016-05-31,22.435035705566406
2016-06-01,22.266420364379883
2016-06-02,22.31199073791504
2016-06-03,22.473772048950195
2016-06-06,22.564912796020508
2016-06-07,22.544404983520508
2016-06-08,22.706188201904297
2016-06-09,22.519350051879883
2016-06-10,22.17983055114746
2016-06-13,22.207183837890625
2016-06-14,22.134260177612305
2016-06-15,22.22768211364746
2016-06-16,21.721830368041992
2016-06-17,21.66943359375
2016-06-20,21.853992462158203
2016-06-21,21.77196884155273
2016-06-22,21.89728164672852
2016-06-23,21.28206825256348
2016-06-24,20.9721736907959
2016-06-27,21.32536125183105
2016-06-28,21.50992774963379
2016-06-29,21.78335952758789
2016-06-30,21.84943962097168
2016-07-01,21.64436149597168
2016-07-05,21.76740264892578
2016-07-06,21.86083030700684
2016-07-07,22.029441833496094
2016-07-08,22.097801208496094
2016-07-11,22.19806289672852
2016-07-12,22.07274055480957
2016-07-13,22.510225296020508
2016-07-14,22.50794982910156
2016-07-15,22.7471981048584
2016-07-18,22.756319046020508
2016-07-19,22.77682113647461
2016-07-20,22.65605735778809
2016-07-21,22.480607986450195
2016-07-22,22.17983055114746
2016-07-25,22.02716827392578
2016-07-26,23.458120346069336
2016-07-27,23.774843215942383
2016-07-28,23.74523162841797
2016-07-29,24.16448783874512
2016-08-01,23.806751251220703
2016-08-02,24.105249404907227
2016-08-03,24.2541561126709
2016-08-04,24.622989654541016
2016-08-05,24.82688331604004
2016-08-08,24.92768669128418
2016-08-09,24.742130279541016
2016-08-10,24.72608757019043
2016-08-11,24.783367156982425
2016-08-12,25.0811824798584
2016-08-15,25.058273315429688
2016-08-16,25.021615982055664
2016-08-17,24.98954391479492
2016-08-18,25.053688049316406
2016-08-19,24.858966827392575
2016-08-22,24.93685913085937
2016-08-23,24.748998641967773
2016-08-24,24.643611907958984
2016-08-25,24.499286651611328
2016-08-26,24.471792221069336
2016-08-29,24.283939361572266
2016-08-30,24.30684471130371
2016-08-31,24.45117950439453
2016-09-01,24.68026351928711
2016-09-02,24.67339324951172
2016-09-06,24.82460021972656
2016-09-07,24.17397117614746
2016-09-08,23.626441955566406
2016-09-09,24.1556453704834
2016-09-12,24.73066711425781
2016-09-13,25.605806350708008
2016-09-14,26.476367950439453
2016-09-15,26.32745361328125
2016-09-16,26.02046775817871
2016-09-19,26.018171310424805
2016-09-20,26.013599395751957
2016-09-21,26.25872802734375
2016-09-22,25.82115173339844
2016-09-23,25.86010360717773
2016-09-26,25.9082088470459
2016-09-27,26.1052303314209
2016-09-28,25.69973945617676
2016-09-29,25.89905166625977
2016-09-30,25.77762222290039
2016-10-03,25.88758850097656
2016-10-04,25.89905166625977
2016-10-05,26.09148597717285
2016-10-06,26.130428314208984
2016-10-07,26.586328506469727
2016-10-10,26.64360237121582
2016-10-11,26.881858825683597
2016-10-12,26.79938316345215
2016-10-13,26.94829559326172
2016-10-14,26.929967880249023
2016-10-17,26.911640167236328
2016-10-18,26.831462860107425
2016-10-19,26.817720413208008
2016-10-20,26.712329864501957
2016-10-21,26.95287704467773
2016-10-24,27.0903377532959
2016-10-25,26.480945587158203
2016-10-26,26.226652145385746
2016-10-27,26.05254364013672
2016-10-28,26.011306762695312
2016-10-31,25.54166030883789
2016-11-01,25.5645694732666
2016-11-02,25.290550231933597
2016-11-03,25.062580108642575
2016-11-04,25.424102783203125
2016-11-07,25.57378387451172
2016-11-08,25.53233337402344
2016-11-09,24.82079315185547
2016-11-10,24.968175888061523
2016-11-11,24.34183883666992
2016-11-14,24.66422271728516
2016-11-15,25.327394485473636
2016-11-16,25.318178176879883
2016-11-17,25.34351348876953
2016-11-18,25.72806167602539
2016-11-21,25.74418258666992
2016-11-22,25.612934112548828
2016-11-23,25.74188232421875
2016-11-25,25.69121742248535
2016-11-28,25.665884017944336
2016-11-29,25.449443817138672
2016-11-30,25.21226119995117
2016-12-01,25.306663513183597
2016-12-02,25.124755859375
2016-12-05,25.318178176879883
2016-12-06,25.566871643066406
2016-12-07,25.81786727905273
2016-12-08,26.2392578125
2016-12-09,26.089588165283203
2016-12-12,26.524799346923828
2016-12-13,26.524799346923828
2016-12-14,26.66985893249512
2016-12-15,26.704408645629883
2016-12-16,26.85869026184082
2016-12-19,26.930070877075195
2016-12-20,26.95540809631348
2016-12-21,26.778099060058597
2016-12-22,26.831052780151367
2016-12-23,27.00145721435547
2016-12-27,26.88631820678711
2016-12-28,26.87941551208496
2016-12-29,26.66985893249512
2016-12-30,26.74586296081543
2017-01-03,26.715917587280277
2017-01-04,26.851781845092773
2017-01-05,27.15113067626953
2017-01-06,27.39981842041016
2017-01-09,27.427453994750977
2017-01-10,27.574827194213867
2017-01-11,27.45969009399414
2017-01-12,27.41133499145508
2017-01-13,27.63239479064941
2017-01-17,27.63009262084961
2017-01-18,27.58173370361328
2017-01-19,27.63239479064941
2017-01-20,27.65081596374512
2017-01-23,27.625490188598636
2017-01-24,28.0653018951416
2017-01-25,28.0791130065918
2017-01-26,28.0814208984375
2017-01-27,28.007736206054688
2017-01-30,27.943260192871094
2017-01-31,29.64725875854492
2017-02-01,29.596593856811523
2017-02-02,29.723241806030277
2017-02-03,30.001873016357425
2017-02-06,30.28740501403809
2017-02-07,30.40485000610352
2017-02-08,30.624555587768555
2017-02-09,30.555177688598636
2017-02-10,30.82574844360352
2017-02-13,31.22585678100586
2017-02-14,31.33917236328125
2017-02-15,31.30218505859375
2017-02-16,31.387733459472656
2017-02-17,31.614381790161133
2017-02-21,31.709197998046875
2017-02-22,31.575061798095703
2017-02-23,31.605131149291992
2017-02-24,31.667564392089844
2017-02-27,31.681440353393555
2017-02-28,32.32899475097656
2017-03-01,32.13704299926758
2017-03-02,32.32668685913086
2017-03-03,32.22493362426758
2017-03-06,32.266563415527344
2017-03-07,32.146297454833984
2017-03-08,32.07229995727539
2017-03-09,32.17866897583008
2017-03-10,32.19255065917969
2017-03-13,32.14399719238281
2017-03-14,32.48393630981445
2017-03-15,32.537147521972656
2017-03-16,32.375247955322266
2017-03-17,32.7152214050293
2017-03-20,32.3405647277832
2017-03-21,32.705963134765625
2017-03-22,32.59032440185547
2017-03-23,32.52556610107422
2017-03-24,32.58107376098633
2017-03-27,33.256385803222656
2017-03-28,33.33039855957031
2017-03-29,33.28644943237305
2017-03-30,33.22401428222656
2017-03-31,33.233253479003906
2017-04-03,33.480709075927734
2017-04-04,33.30726623535156
2017-04-05,33.22401428222656
2017-04-06,33.150001525878906
2017-04-07,33.11067199707031
2017-04-10,32.75454330444336
2017-04-11,32.79384994506836
2017-04-12,32.62038040161133
2017-04-13,32.80078125
2017-04-17,32.65509414672852
2017-04-18,32.53482818603516
2017-04-19,32.941864013671875
2017-04-20,32.902549743652344
2017-04-21,33.21937942504883
2017-04-24,33.42520904541016
2017-04-25,33.22863006591797
2017-04-26,33.25406646728516
2017-04-27,33.2216796875
2017-04-28,33.89931869506836
2017-05-01,34.11439514160156
2017-05-02,34.01031875610352
2017-05-03,33.88774108886719
2017-05-04,34.44972229003906
2017-05-05,35.386356353759766
2017-05-08,35.613006591796875
2017-05-09,35.44419479370117
2017-05-10,35.7507209777832
2017-05-11,36.25000762939453
2017-05-12,36.1571044921875
2017-05-15,36.10368728637695
2017-05-16,34.89149856567383
2017-05-17,35.423282623291016
2017-05-18,35.544029235839844
2017-05-19,35.760005950927734
2017-05-22,35.71588134765625
2017-05-23,35.60905838012695
2017-05-24,35.73213195800781
2017-05-25,35.671756744384766
2017-05-26,35.68568801879883
2017-05-30,35.4743766784668
2017-05-31,35.571903228759766
2017-06-01,36.09904479980469
2017-06-02,35.746070861816406
2017-06-05,35.8668212890625
2017-06-06,36.08047103881836
2017-06-07,35.99223327636719
2017-06-08,34.59656524658203
2017-06-09,33.76984405517578
2017-06-12,34.04155349731445
2017-06-13,33.7094841003418
2017-06-14,33.5074348449707
2017-06-15,33.03835678100586
2017-06-16,33.98350143432617
2017-06-19,33.674652099609375
2017-06-20,33.874359130859375
2017-06-21,33.818626403808594
2017-06-22,33.96957778930664
2017-06-23,33.862735748291016
2017-06-26,33.37739562988281
2017-06-27,33.86506652832031
2017-06-28,33.365779876708984
2017-06-29,33.44474792480469
2017-06-30,33.323974609375
2017-07-03,33.46100234985352
2017-07-05,33.145164489746094
2017-07-06,33.48189163208008
2017-07-07,33.68625259399414
2017-07-10,33.79540252685547
2017-07-11,33.84416580200195
2017-07-12,34.315582275390625
2017-07-13,34.61050033569336
2017-07-14,34.73124694824219
2017-07-17,34.85199737548828
2017-07-18,35.0703125
2017-07-19,34.912391662597656
2017-07-20,34.896148681640625
2017-07-21,35.318782806396484
2017-07-24,35.4697265625
2017-07-25,35.636924743652344
2017-07-26,34.963470458984375
2017-07-27,34.71732711791992
2017-07-28,34.53850173950195
2017-07-31,34.84504318237305
2017-08-01,36.49150848388672
2017-08-02,36.126914978027344
2017-08-03,36.31733322143555
2017-08-04,36.87931442260742
2017-08-07,37.17424011230469
2017-08-08,37.401817321777344
2017-08-09,36.21049118041992
2017-08-10,36.71407699584961
2017-08-11,37.26660537719727
2017-08-14,37.67459487915039
2017-08-15,37.523048400878906
2017-08-16,36.80268096923828
2017-08-17,36.71874237060547
2017-08-18,36.65113830566406
2017-08-21,37.250282287597656
2017-08-22,37.296913146972656
2017-08-23,37.13140106201172
2017-08-24,37.2689323425293
2017-08-25,37.6442756652832
2017-08-28,37.97999954223633
2017-08-29,38.08258056640625
2017-08-30,38.234107971191406
2017-08-31,38.24577331542969
2017-09-01,37.7864990234375
2017-09-05,37.74686813354492
2017-09-06,37.59531784057617
2017-09-07,36.982177734375
2017-09-08,37.65127182006836
2017-09-11,37.50206756591797
2017-09-12,37.219974517822266
2017-09-13,36.90058517456055
2017-09-14,37.27359008789063
2017-09-15,36.99150085449219
2017-09-18,37.005489349365234
2017-09-19,36.38536071777344
2017-09-20,35.76055145263672
2017-09-21,35.41084671020508
2017-09-22,35.098445892333984
2017-09-25,35.7022705078125
2017-09-26,35.956382751464844
2017-09-27,35.734901428222656
2017-09-28,35.93073654174805
2017-09-29,35.85847473144531
2017-10-02,36.01466369628906
2017-10-03,35.78152847290039
2017-10-04,36.2268180847168
2017-10-05,36.205848693847656
2017-10-06,36.33173751831055
2017-10-09,36.34571838378906
2017-10-10,36.49726104736328
2017-10-11,36.36903762817383
2017-10-12,36.59983825683594
2017-10-13,37.27359008789063
2017-10-16,37.41115188598633
2017-10-17,37.2456169128418
2017-10-18,36.364376068115234
2017-10-19,36.42731475830078
2017-10-20,36.40866470336914
2017-10-23,36.62549209594727
2017-10-24,36.464603424072266
2017-10-25,36.69775390625
2017-10-26,38.01262283325195
2017-10-27,38.86824417114258
2017-10-30,39.40911483764648
2017-10-31,38.90786743164063
2017-11-01,39.192291259765625
2017-11-02,40.21576690673828
2017-11-03,40.62374877929688
2017-11-06,40.75429534912109
2017-11-07,41.08768081665039
2017-11-08,41.00374603271485
2017-11-09,40.86806106567383
2017-11-10,40.70427322387695
2017-11-13,40.08892822265625
2017-11-14,39.56013870239258
2017-11-15,40.03276443481445
2017-11-16,39.81050109863281
2017-11-17,39.77070617675781
2017-11-20,40.51006317138672
2017-11-21,40.9359016418457
2017-11-22,40.9382438659668
2017-11-24,40.73234939575195
2017-11-27,40.49369430541992
2017-11-28,39.65373229980469
2017-11-29,40.20824813842773
2017-11-30,40.02107238769531
2017-12-01,39.728607177734375
2017-12-04,39.691162109375
2017-12-05,39.543758392333984
2017-12-06,39.61629104614258
2017-12-07,39.62799835205078
2017-12-08,40.40009307861328
2017-12-11,40.17314147949219
2017-12-12,40.3065185546875
2017-12-13,40.29482650756836
2017-12-14,40.70427322387695
2017-12-15,41.27750396728516
2017-12-18,40.8376350402832
2017-12-19,40.79319381713867
2017-12-20,40.94761276245117
2017-12-21,40.94761276245117
2017-12-22,39.90875625610352
2017-12-26,39.9157829284668
2017-12-27,40.0280876159668
2017-12-28,39.59523010253906
2017-12-29,40.30417251586914
2018-01-02,40.297149658203125
2018-01-03,40.48432922363281
2018-01-04,40.94525909423828
2018-01-05,40.79319381713867
2018-01-08,40.78850173950195
2018-01-09,40.779144287109375
2018-01-10,41.0107650756836
2018-01-11,41.43424987792969
2018-01-12,41.22369003295898
2018-01-16,41.9045524597168
2018-01-17,41.94198989868164
2018-01-18,41.75481796264648
2018-01-19,41.413204193115234
2018-01-22,41.42257308959961
2018-01-23,40.76276016235352
2018-01-24,40.03510665893555
2018-01-25,40.12869644165039
2018-01-26,39.29808807373047
2018-01-29,39.06647109985352
2018-01-30,39.17409133911133
2018-01-31,39.2559814453125
2018-02-01,37.55265045166016
2018-02-02,36.61442947387695
2018-02-05,38.14460372924805
2018-02-06,37.32803726196289
2018-02-07,36.30088806152344
2018-02-08,36.744911193847656
2018-02-09,38.22495651245117
2018-02-12,38.607872009277344
2018-02-13,39.3197021484375
2018-02-14,40.6400032043457
2018-02-15,40.5084342956543
2018-02-16,40.372196197509766
2018-02-20,40.18893432617188
2018-02-21,40.524879455566406
2018-02-22,41.22967147827149
2018-02-23,42.04486083984375
2018-02-26,41.908599853515625
2018-02-27,41.84517288208008
2018-02-28,41.11219787597656
2018-03-01,41.39645767211914
2018-03-02,41.53977584838867
2018-03-05,41.504520416259766
2018-03-06,41.11923599243164
2018-03-07,41.567962646484375
2018-03-08,42.28215026855469
2018-03-09,42.690914154052734
2018-03-12,42.27978897094727
2018-03-13,41.92034530639648
2018-03-14,41.96967315673828
2018-03-15,41.82167434692383
2018-03-16,41.18268585205078
2018-03-19,41.168575286865234
2018-03-20,40.23591995239258
2018-03-21,39.66740798950195
2018-03-22,38.74883270263672
2018-03-23,40.58832550048828
2018-03-26,39.547584533691406
2018-03-27,39.110626220703125
2018-03-28,39.41603088378906
2018-03-29,39.157596588134766
2018-04-02,39.559329986572266
2018-04-03,40.3158073425293
2018-04-04,40.59535598754883
2018-04-05,39.55697250366211
2018-04-06,39.949310302734375
2018-04-09,40.70107269287109
2018-04-10,40.51078796386719
2018-04-11,40.91016006469727
2018-04-12,41.04877471923828
2018-04-13,41.30484390258789
2018-04-16,41.87337493896485
2018-04-17,41.779396057128906
2018-04-18,40.59535598754883
2018-04-19,38.93207931518555
2018-04-20,38.81931686401367
2018-04-23,38.27898025512695
2018-04-24,38.44577407836914
2018-04-25,38.579689025878906
2018-04-26,38.13330841064453
2018-04-27,38.82401657104492
2018-04-30,39.72613143920898
2018-05-01,41.48104095458984
2018-05-02,41.55622100830078
2018-05-03,43.18659591674805
2018-05-04,43.49906539916992
2018-05-07,43.70813751220703
2018-05-08,44.01589584350586
2018-05-09,44.6454963684082
2018-05-10,44.4756965637207
2018-05-11,44.37192535400391
2018-05-14,43.96866226196289
2018-05-15,44.379005432128906
2018-05-16,44.098365783691406
2018-05-17,43.9379997253418
2018-05-18,44.249305725097656
2018-05-21,44.13846206665039
2018-05-22,44.42144775390625
2018-05-23,44.37192535400391
2018-05-24,44.47333908081055
2018-05-25,44.31298065185547
2018-05-29,44.21864700317383
2018-05-30,44.07006072998047
2018-05-31,44.86481857299805
2018-06-01,45.23979949951172
2018-06-04,45.58883666992188
2018-06-05,45.74684524536133
2018-06-06,45.62420272827149
2018-06-07,45.20914840698242
2018-06-08,45.09829330444336
2018-06-11,45.34592056274414
2018-06-12,44.97330474853516
2018-06-13,44.99689102172852
2018-06-14,44.53465270996094
2018-06-15,44.51108551025391
2018-06-18,43.791778564453125
2018-06-19,43.98281097412109
2018-06-20,43.737548828125
2018-06-21,43.61019515991211
2018-06-22,42.961647033691406
2018-06-25,43.49462890625
2018-06-26,43.43096160888672
2018-06-27,43.74698638916016
2018-06-28,43.65499114990234
2018-06-29,44.14318084716797
2018-07-02,43.37436676025391
2018-07-03,43.7233772277832
2018-07-05,44.3294792175293
2018-07-06,44.94499588012695
2018-07-09,44.89076232910156
2018-07-10,44.30826568603516
2018-07-11,45.05114364624024
2018-07-12,45.12189102172852
2018-07-13,45.02282333374024
2018-07-16,45.150184631347656
2018-07-17,44.90255737304688
2018-07-18,45.2515983581543
2018-07-19,45.14782333374024
2018-07-20,45.18791198730469
2018-07-23,45.515716552734375
2018-07-24,45.944942474365234
2018-07-25,45.801082611083984
2018-07-26,45.03933334350586
2018-07-27,44.78700637817383
2018-07-30,44.87660217285156
2018-07-31,47.520301818847656
2018-08-01,48.90935134887695
2018-08-02,49.05084609985352
2018-08-03,49.305545806884766
2018-08-06,48.84332656860352
2018-08-07,48.8763427734375
2018-08-08,49.2607536315918
2018-08-09,49.114036560058594
2018-08-10,49.43113708496094
2018-08-13,49.639408111572266
2018-08-14,49.755367279052734
2018-08-15,50.48428726196289
2018-08-16,51.49245071411133
2018-08-17,50.990718841552734
2018-08-20,50.89133071899414
2018-08-21,50.89370727539063
2018-08-22,50.99782943725586
2018-08-23,51.156394958496094
2018-08-24,51.57765579223633
2018-08-27,51.9941635131836
2018-08-28,52.770416259765625
2018-08-29,53.25556182861328
2018-08-30,53.87088394165039
2018-08-31,54.04364776611328
2018-09-04,53.69100570678711
2018-09-05,52.79881286621094
2018-09-06,52.372825622558594
2018-09-07,51.66994857788086
2018-09-10,52.97632598876953
2018-09-11,52.31839370727539
2018-09-12,53.5821533203125
2018-09-13,52.97394561767578
2018-09-14,51.563453674316406
2018-09-17,51.64865112304688
2018-09-18,51.67941284179688
2018-09-19,52.07228088378906
2018-09-20,51.51137924194336
2018-09-21,52.25212478637695
2018-09-24,52.58344650268555
2018-09-25,52.1645622253418
2018-09-26,53.236629486083984
2018-09-27,53.42360305786133
2018-09-28,53.7833137512207
2018-10-01,54.26137161254883
2018-10-02,54.921653747558594
2018-10-03,53.95608901977539
2018-10-04,53.0804328918457
2018-10-05,52.9573860168457
2018-10-08,53.69100570678711
2018-10-09,51.20372772216797
2018-10-10,50.75170135498047
2018-10-11,52.56452178955078
2018-10-12,51.44038009643555
2018-10-15,52.573978424072266
2018-10-16,52.34679412841797
2018-10-17,51.12326431274414
2018-10-18,51.90187454223633
2018-10-19,52.2190055847168
2018-10-22,52.71124649047852
2018-10-23,50.903167724609375
2018-10-24,52.01784133911133
2018-10-25,51.18952178955078
2018-10-26,50.22869491577149
2018-10-29,50.47954940795898
2018-10-30,51.795372009277344
2018-10-31,52.59055709838867
2018-11-01,49.10218048095703
2018-11-02,47.708255767822266
2018-11-05,48.22417068481445
2018-11-06,49.68672561645508
2018-11-07,49.51337432861328
2018-11-08,48.558685302734375
2018-11-09,46.11258316040039
2018-11-12,45.65184783935547
2018-11-13,44.36231994628906
2018-11-14,45.45711517333984
2018-11-15,45.9605827331543
2018-11-16,44.13907623291016
2018-11-19,42.03019714355469
2018-11-20,41.982704162597656
2018-11-21,40.91638946533203
2018-11-23,41.46973037719727
2018-11-26,41.37949752807617
2018-11-27,42.970645904541016
2018-11-28,42.64054489135742
2018-11-29,42.410186767578125
2018-11-30,43.892086029052734
2018-12-03,41.961334228515625
2018-12-04,41.49348068237305
2018-12-06,40.013954162597656
2018-12-07,40.27756881713867
2018-12-10,40.04719924926758
2018-12-11,40.15880584716797
2018-12-12,40.5981674194336
2018-12-13,39.29911422729492
2018-12-14,38.933387756347656
2018-12-17,39.439239501953125
2018-12-18,38.20904922485352
2018-12-19,37.2448616027832
2018-12-20,35.79619598388672
2018-12-21,34.870018005371094
2018-12-24,37.32561492919922
2018-12-26,37.083377838134766
2018-12-27,37.10237121582031
2018-12-28,37.46098327636719
2018-12-31,37.50372314453125
2019-01-02,33.768070220947266
2019-01-03,35.2096061706543
2019-01-04,35.13124084472656
2019-01-07,35.80096435546875
2019-01-08,36.408912658691406
2019-01-09,36.52528762817383
2019-01-10,36.16668319702149
2019-01-11,35.62283706665039
2019-01-14,36.35192489624024
2019-01-15,36.796024322509766
2019-01-16,37.01449966430664
2019-01-17,37.24249267578125
2019-01-18,36.406532287597656
2019-01-22,36.55378723144531
2019-01-23,36.26405715942383
2019-01-24,37.465728759765625
2019-01-25,37.11901092529297
2019-01-28,36.7342643737793
2019-01-29,39.24449157714844
2019-01-30,39.52710723876953
2019-01-31,39.54609680175781
2019-02-01,40.6694221496582
2019-02-04,41.36524963378906
2019-02-05,41.37949752807617
2019-02-06,40.59579086303711
2019-02-07,40.64349365234375
2019-02-08,40.40975189208984
2019-02-11,40.75796890258789
2019-02-12,40.58863067626953
2019-02-13,40.73651123046875
2019-02-14,40.64587020874024
2019-02-15,40.76750564575195
2019-02-19,41.02986526489258
2019-02-20,40.79851531982422
2019-02-21,41.25405883789063
2019-02-22,41.55458450317383
2019-02-25,41.578426361083984
2019-02-26,41.70721435546875
2019-02-27,41.2969856262207
2019-02-28,41.7310791015625
2019-03-01,41.940948486328125
2019-03-04,41.864627838134766
2019-03-05,41.62374114990234
2019-03-06,41.14196014404297
2019-03-07,41.23975372314453
2019-03-08,42.66838836669922
2019-03-11,43.14778900146485
2019-03-12,43.33858871459961
2019-03-13,43.82036590576172
2019-03-14,44.390380859375
2019-03-15,44.84354782104492
2019-03-18,44.48818206787109
2019-03-19,44.87693405151367
2019-03-20,46.52976989746094
2019-03-21,45.566219329833984
2019-03-22,45.01527404785156
2019-03-25,44.55019760131836
2019-03-26,44.95087432861328
2019-03-27,45.01049423217773
2019-03-28,45.30387115478516
2019-03-29,45.61153411865234
2019-04-01,46.27457809448242
2019-04-02,46.59177780151367
2019-04-03,46.67287826538086
2019-04-04,46.98532104492188
2019-04-05,47.72468185424805
2019-04-08,47.58156967163086
2019-04-09,47.84869766235352
2019-04-10,47.45040130615234
2019-04-11,47.43131256103516
2019-04-12,47.51716995239258
2019-04-15,47.52194595336914
2019-04-16,48.44734191894531
2019-04-17,48.62145233154297
2019-04-18,48.78125
2019-04-22,49.48483276367188
2019-04-23,49.40851593017578
2019-04-24,48.96012496948242
2019-04-25,48.72639465332031
2019-04-26,48.800323486328125
2019-04-29,47.86062240600586
2019-04-30,50.20989227294922
2019-05-01,49.88314056396485
2019-05-02,50.50326156616211
2019-05-03,49.72333908081055
2019-05-06,48.38294982910156
2019-05-07,48.39249038696289
2019-05-08,47.87255096435547
2019-05-09,47.2093505859375
2019-05-10,44.46556091308594
2019-05-13,45.169471740722656
2019-05-14,45.710567474365234
2019-05-15,45.50946044921875
2019-05-16,45.25087356567383
2019-05-17,43.83588790893555
2019-05-20,44.676265716552734
2019-05-21,43.76166534423828
2019-05-22,43.01466751098633
2019-05-23,42.84946441650391
2019-05-24,42.67227935791016
2019-05-28,42.468780517578125
2019-05-29,42.689056396484375
2019-05-30,41.915714263916016
2019-05-31,41.4919319152832
2019-06-03,43.0098762512207
2019-06-04,43.704200744628906
2019-06-05,44.34585189819336
2019-06-06,45.52621078491211
2019-06-07,46.108001708984375
2019-06-10,46.64191436767578
2019-06-11,46.49346923828125
2019-06-12,46.48389434814453
2019-06-13,46.14631652832031
2019-06-14,46.42164993286133
2019-06-17,47.51342010498047
2019-06-18,47.374542236328125
2019-06-19,47.75524139404297
2019-06-20,47.592430114746094
2019-06-21,47.54454040527344
2019-06-24,46.82386779785156
2019-06-25,47.83663558959961
2019-06-26,47.82227325439453
2019-06-27,47.38652038574219
2019-06-28,48.2556266784668
2019-07-01,48.53814315795898
2019-07-02,48.94037628173828
2019-07-03,48.89728546142578
2019-07-05,47.88929748535156
2019-07-08,48.1814079284668
2019-07-09,48.657859802246094
2019-07-10,48.30351638793945
2019-07-11,48.67462539672852
2019-07-12,49.13191604614258
2019-07-15,48.96192169189453
2019-07-16,48.68658828735352
2019-07-17,49.23965835571289
2019-07-18,48.50462341308594
2019-07-19,49.61314392089844
2019-07-22,50.001014709472656
2019-07-23,49.96031951904297
2019-07-24,49.56527328491211
2019-07-25,49.73764419555664
2019-07-26,50.20212936401367
2019-07-29,49.98665618896485
2019-07-30,51.00658798217773
2019-07-31,49.90285110473633
2019-08-01,48.84700012207031
2019-08-02,46.28996276855469
2019-08-05,47.16625213623047
2019-08-06,47.65467071533203
2019-08-07,48.70573425292969
2019-08-08,48.30437850952149
2019-08-09,48.18181610107422
2019-08-12,50.22224426269531
2019-08-13,48.72737503051758
2019-08-14,48.48463439941406
2019-08-15,49.62861633300781
2019-08-16,50.553897857666016
2019-08-19,50.556297302246094
2019-08-20,51.10425567626953
2019-08-21,51.06100082397461
2019-08-22,48.700927734375
2019-08-23,49.6262092590332
2019-08-26,49.06624221801758
2019-08-27,49.39549255371094
2019-08-28,50.23185729980469
2019-08-29,50.16696166992188
2019-08-30,49.43635177612305
2019-09-03,50.27511978149414
2019-09-04,51.25806427001953
2019-09-05,51.25326156616211
2019-09-06,51.47196960449219
2019-09-09,52.08000564575195
2019-09-10,53.73588943481445
2019-09-11,53.6157341003418
2019-09-12,52.572696685791016
2019-09-13,52.84907150268555
2019-09-16,53.04132461547852
2019-09-17,53.53881454467773
2019-09-18,53.10382461547852
2019-09-19,52.327545166015625
2019-09-20,52.56548690795898
2019-09-23,52.315521240234375
2019-09-24,53.120643615722656
2019-09-25,52.8466682434082
2019-09-26,52.58951568603516
2019-09-27,53.82721328735352
2019-09-30,53.976219177246094
2019-10-01,52.623165130615234
2019-10-02,53.07017517089844
2019-10-03,54.55782699584961
2019-10-04,54.56984329223633
2019-10-07,53.93055725097656
2019-10-08,54.56264114379883
2019-10-09,55.29805755615234
2019-10-10,56.76888656616211
2019-10-11,56.68716430664063
2019-10-14,56.55499267578125
2019-10-15,56.32667541503906
2019-10-16,56.54538345336914
2019-10-17,56.81695175170898
2019-10-18,57.80233383178711
2019-10-21,57.67013168334961
2019-10-22,58.443992614746094
2019-10-23,58.540138244628906
2019-10-24,59.26114273071289
2019-10-25,59.85475540161133
2019-10-28,58.47044372558594
2019-10-29,58.46323394775391
2019-10-30,59.78505706787109
2019-10-31,61.4818115234375
2019-11-01,61.88554763793945
2019-11-04,61.79664993286133
2019-11-05,61.82306671142578
2019-11-06,62.53660202026367
2019-11-07,62.70773315429688
2019-11-08,63.20431137084961
2019-11-11,63.14647674560547
2019-11-12,63.75151443481445
2019-11-13,63.310359954833984
2019-11-14,64.0624771118164
2019-11-15,64.38545989990234
2019-11-18,64.19021606445312
2019-11-19,63.44296646118164
2019-11-20,63.15853118896485
2019-11-21,63.103065490722656
2019-11-22,64.20948791503906
2019-11-25,63.7081184387207
2019-11-26,64.56387329101562
2019-11-27,64.42164611816406
2019-11-29,63.6767807006836
2019-12-02,62.541412353515625
2019-12-03,63.09343719482422
2019-12-04,64.01905822753906
2019-12-05,65.25568389892578
2019-12-06,64.34209442138672
2019-12-09,64.7181396484375
2019-12-10,65.27015686035156
2019-12-11,65.43647003173828
2019-12-12,66.3259506225586
2019-12-13,67.4613265991211
2019-12-16,67.5938949584961
2019-12-17,67.43241119384766
2019-12-18,67.4998779296875
2019-12-19,67.36007690429688
2019-12-20,68.45929718017578
2019-12-23,68.5243911743164
2019-12-24,69.88392639160156
2019-12-26,69.85739135742188
2019-12-27,70.27201080322266
2019-12-30,70.78545379638672
2019-12-31,72.40050506591797
2020-01-02,71.69664764404297
2020-01-03,72.26792907714844
2020-01-06,71.92804718017578
2020-01-07,73.08511352539062
2020-01-08,74.63750457763672
2020-01-09,74.80622100830078
2020-01-10,76.40440368652344
2020-01-13,75.3727035522461
2020-01-14,75.0496826171875
2020-01-15,75.98982238769531
2020-01-16,76.83110046386719
2020-01-17,76.3104019165039
2020-01-21,76.58279418945312
2020-01-22,76.95162200927734
2020-01-23,76.72984313964844
2020-01-24,74.47359466552734
2020-01-27,76.58039855957031
2020-01-28,78.18340301513672
2020-01-29,78.0700912475586
2020-01-30,74.60858917236328
2020-01-31,74.4036865234375
2020-02-03,76.8600082397461
2020-02-04,77.48675537109375
2020-02-05,78.39310455322266
2020-02-06,77.32755279541016
2020-02-07,77.69482421875
2020-02-10,77.22608184814453
2020-02-11,79.05999755859375
2020-02-12,78.49700927734375
2020-02-13,78.51634216308594
2020-02-14,77.07866668701172
2020-02-18,78.19496154785156
2020-02-19,77.39277648925781
2020-02-20,75.64099884033203
2020-02-21,72.04802703857422
2020-02-24,69.60758209228516
2020-02-25,70.71183013916016
2020-02-26,66.08951568603516
2020-02-27,66.05085754394531
2020-02-28,72.20024871826172
2020-03-02,69.90721130371094
2020-03-03,73.14982604980469
2020-03-04,70.7770767211914
2020-03-05,69.837158203125
2020-03-06,64.31356048583984
2020-03-09,68.94554901123047
2020-03-10,66.55101776123047
2020-03-11,59.97880935668945
2020-03-12,67.1647720336914
2020-03-13,58.52420425415039
2020-03-16,61.09751892089844
2020-03-17,59.60185623168945
2020-03-18,59.14519119262695
2020-03-19,55.390323638916016
2020-03-20,54.21360778808594
2020-03-23,59.652610778808594
2020-03-24,59.323997497558594
2020-03-25,62.44581604003906
2020-03-26,59.86041259765625
2020-03-27,61.56869888305664
2020-03-30,61.44305038452149
2020-03-31,58.210105895996094
2020-04-01,59.181427001953125
2020-04-02,58.33091354370117
2020-04-03,63.419551849365234
2020-04-06,62.68501281738281
2020-04-07,64.28942108154297
2020-04-08,64.75331115722656
2020-04-09,66.02426147460938
2020-04-13,69.35871124267578
2020-04-14,68.72563934326172
2020-04-15,69.27171325683594
2020-04-16,68.331787109375
2020-04-17,66.9134750366211
2020-04-20,64.84514617919922
2020-04-21,66.71292114257812
2020-04-22,66.45439147949219
2020-04-23,68.37287902832031
2020-04-24,68.42121124267578
2020-04-27,67.3121566772461
2020-04-28,69.52301025390625
2020-04-29,70.98966217041016
2020-04-30,69.8468017578125
2020-05-01,70.83505249023438
2020-05-04,71.89823150634766
2020-05-05,72.63999938964844
2020-05-06,73.3914566040039
2020-05-07,75.13829803466797
2020-05-08,76.32061767578125
2020-05-11,75.44841003417969
2020-05-12,74.53742218017578
2020-05-13,74.99537658691406
2020-05-14,74.55197143554688
2020-05-15,76.30851745605469
2020-05-18,75.86756896972656
2020-05-19,77.34303283691406
2020-05-20,76.76640319824219
2020-05-21,77.26068115234375
2020-05-22,76.73734283447266
2020-05-26,77.0716781616211
2020-05-27,77.10560607910156
2020-05-28,77.03050994873047
2020-05-29,77.97781372070312
2020-06-01,78.33881378173828
2020-06-02,78.77008056640625
2020-06-03,78.09168243408203
2020-06-04,80.31582641601562
2020-06-05,80.7906723022461
2020-06-08,83.34188079833984
2020-06-09,85.48606872558594
2020-06-10,81.3818588256836
2020-06-11,82.08446502685547
2020-06-12,83.09960174560547
2020-06-15,85.30194091796875
2020-06-16,85.1832046508789
2020-06-17,85.21712493896484
2020-06-18,84.73014831542969
2020-06-19,86.947021484375
2020-06-22,88.8028793334961
2020-06-23,87.23533630371094
2020-06-24,88.39342498779297
2020-06-25,85.67749786376953
2020-06-26,87.65206909179688
2020-06-29,88.38374328613281
2020-06-30,88.21656036376953
2020-07-01,88.21656036376953
2020-07-02,90.57637786865234
2020-07-06,90.29534149169922
2020-07-07,92.39830780029295
2020-07-08,92.79566955566406
2020-07-09,92.9579849243164
2020-07-10,92.52914428710938
2020-07-13,94.06036376953124
2020-07-14,94.70726013183594
2020-07-15,93.54188537597656
2020-07-16,93.35289764404295
2020-07-17,95.32019805908205
2020-07-20,94.004638671875
2020-07-21,94.26870727539062
2020-07-22,89.97794342041016
2020-07-23,89.75503540039062
2020-07-24,91.88224792480467
2020-07-27,90.37287902832033
2020-07-28,92.10519409179688
2020-07-29,93.21964263916016
2020-07-30,102.97870635986328
2020-07-31,105.57351684570312
2020-08-03,106.27853393554688
2020-08-04,106.66376495361328
2020-08-05,110.38516998291016
2020-08-06,107.87550354003906
2020-08-07,109.44341278076172
2020-08-10,106.1886215209961
2020-08-11,109.71772003173828
2020-08-12,111.65943908691406
2020-08-13,111.5599365234375
2020-08-14,111.2686538696289
2020-08-17,112.19585418701172
2020-08-18,112.3366241455078
2020-08-19,114.8293228149414
2020-08-20,120.74674987792967
2020-08-21,122.19092559814452
2020-08-24,121.18850708007812
2020-08-25,122.83657836914062
2020-08-26,121.36813354492188
2020-08-27,121.17155456542967
2020-08-28,125.28072357177734
2020-08-31,130.27093505859375
2020-09-01,127.57196807861328
2020-09-02,117.35843658447266
2020-09-03,117.43611145019533
2020-09-04,109.53325653076172
2020-09-08,113.90215301513672
2020-09-09,110.18370819091795
2020-09-10,108.73713684082033
2020-09-11,111.9992446899414
2020-09-14,112.17401123046876
2020-09-15,108.86334228515624
2020-09-16,107.12550354003906
2020-09-17,103.72746276855467
2020-09-18,106.87307739257812
2020-09-21,108.55267333984376
2020-09-22,103.99932098388672
2020-09-23,105.06726837158205
2020-09-24,109.00897979736328
2020-09-25,111.61090087890624
2020-09-28,110.7662582397461
2020-09-29,112.43612670898438
2020-09-30,113.38758087158205
2020-10-01,109.7274169921875
2020-10-02,113.10603332519533
2020-10-05,109.86334991455078
2020-10-06,111.7274169921875
2020-10-07,111.62061309814452
2020-10-08,113.5623779296875
2020-10-09,120.77587890625
2020-10-12,117.57203674316406
2020-10-13,117.65940856933594
2020-10-14,117.19341278076172
2020-10-15,115.55260467529295
2020-10-16,112.60121154785156
2020-10-19,114.08661651611328
2020-10-20,113.46524810791016
2020-10-21,112.37789154052734
2020-10-22,111.68859100341795
2020-10-23,111.6982879638672
2020-10-26,113.20311737060548
2020-10-27,107.96044158935548
2020-10-28,111.96044158935548
2020-10-29,105.68860626220705
2020-10-30,105.60122680664062
2020-11-02,107.22258758544922
2020-11-03,111.60118103027344
2020-11-04,115.56233978271484
2020-11-05,115.43103790283205
2020-11-06,113.1261215209961
2020-11-09,112.78572845458984
2020-11-10,116.20906829833984
2020-11-11,115.93675231933594
2020-11-12,115.98538970947266
2020-11-13,116.99685668945312
2020-11-16,116.11182403564452
2020-11-17,114.78917694091795
2020-11-18,115.38243103027344
2020-11-19,114.11811065673828
2020-11-20,110.72393035888672
2020-11-23,112.0076904296875
2020-11-24,112.84407806396484
2020-11-25,113.38870239257812
2020-11-27,115.78115844726562
2020-11-30,119.35039520263672
2020-12-01,119.70050048828124
2020-12-02,119.56437683105467
2020-12-03,118.89329528808594
2020-12-04,120.3520965576172
2020-12-07,120.96482849121094
2020-12-08,118.43620300292967
2020-12-09,119.85610961914062
2020-12-10,119.04891204833984
2020-12-11,118.43620300292967
2020-12-14,124.36870574951172
2020-12-15,124.30062103271484
2020-12-16,125.16619110107422
2020-12-17,123.18221282958984
2020-12-18,124.70909118652344
2020-12-21,128.25889587402344
2020-12-22,127.3641128540039
2020-12-23,128.34640502929688
2020-12-24,132.93679809570312
2020-12-28,131.1668243408203
2020-12-29,130.0483856201172
2020-12-30,129.046630859375
2020-12-31,125.8567123413086
2021-01-04,127.41277313232422
2021-01-05,123.12384033203124
2021-01-06,127.3252410888672
2021-01-07,128.4241943359375
2021-01-08,125.4384994506836
2021-01-11,125.2634735107422
2021-01-12,127.29606628417967
2021-01-13,125.37042999267578
2021-01-14,123.64903259277344
2021-01-15,124.32009887695312
2021-01-19,128.40475463867188
2021-01-20,133.11184692382812
2021-01-21,135.25146484375
2021-01-22,138.99575805664062
2021-01-25,139.2291717529297
2021-01-26,138.15931701660156
2021-01-27,133.32586669921875
2021-01-28,128.336669921875
2021-01-29,130.45684814453125
2021-02-01,131.283447265625
2021-02-02,130.2623291015625
2021-02-03,133.61758422851562
2021-02-04,133.20362854003906
2021-02-05,133.3497772216797
2021-02-08,132.47312927246094
2021-02-09,131.86924743652344
2021-02-10,131.61605834960938
2021-02-11,131.84974670410156
2021-02-12,129.72645568847656
2021-02-16,127.43755340576172
2021-02-17,126.33698272705078
2021-02-18,126.49282836914062
2021-02-19,122.7234344482422
2021-02-22,122.58708190917967
2021-02-23,122.0903549194336
2021-02-24,117.84371185302734
2021-02-25,118.10669708251952
2021-02-26,124.46690368652344
2021-03-01,121.8663330078125
2021-03-02,118.88589477539062
2021-03-03,117.00609588623048
2021-03-04,118.26253509521484
2021-03-05,113.3341293334961
2021-03-08,117.94110870361328
2021-03-09,116.86000061035156
2021-03-10,118.78849792480467
2021-03-11,117.88267517089844
2021-03-12,120.76571655273438
2021-03-15,122.30462646484376
2021-03-16,121.51568603515624
2021-03-17,117.39569091796876
2021-03-18,116.86972045898438
2021-03-19,120.1812973022461
2021-03-22,119.35342407226562
2021-03-23,116.96711730957033
2021-03-24,117.45411682128906
2021-03-25,118.05802154541016
2021-03-26,118.23331451416016
2021-03-29,116.78207397460938
2021-03-30,118.97356414794922
2021-03-31,119.80145263671876
2021-04-01,122.62603759765624
2021-04-05,122.92797088623048
2021-04-06,124.57402801513672
2021-04-07,126.9700927734375
2021-04-08,129.54141235351562
2021-04-09,127.8271713256836
2021-04-12,130.9342498779297
2021-04-13,128.59666442871094
2021-04-14,131.00244140625
2021-04-15,130.67127990722656
2021-04-16,131.33355712890625
2021-04-19,129.6485595703125
2021-04-20,130.0283966064453
2021-04-21,128.50900268554688
2021-04-22,130.82708740234375
2021-04-23,131.21669006347656
2021-04-26,130.89527893066406
2021-04-27,130.10629272460938
2021-04-28,130.00894165039062
2021-04-29,128.0414581298828
2021-04-30,129.09336853027344
2021-05-03,124.52532196044922
2021-05-04,124.76882934570312
2021-05-05,126.3661880493164
2021-05-06,127.03939819335938
2021-05-07,123.76119995117188
2021-05-10,122.84408569335938
2021-05-11,119.78055572509766
2021-05-12,121.92696380615234
2021-05-13,124.34657287597656
2021-05-14,123.1953353881836
2021-05-17,121.80989074707033
2021-05-18,121.65380096435548
2021-05-19,124.20997619628906
2021-05-20,122.3757781982422
2021-05-21,124.00509643554688
2021-05-24,123.80998992919922
2021-05-25,123.76119995117188
2021-05-26,122.22943115234376
2021-05-27,121.57573699951172
2021-05-28,121.25377655029295
2021-06-01,122.01477813720705
2021-06-02,120.53179931640624
2021-06-03,122.82457733154295
2021-06-04,122.83432006835938
2021-06-07,123.65387725830078
2021-06-08,124.0343780517578
2021-06-09,123.03922271728516
2021-06-10,124.24900817871094
2021-06-11,127.30278778076172
2021-06-14,126.48326110839844
2021-06-15,126.98085021972656
2021-06-16,128.58091735839844
2021-06-17,127.28329467773438
2021-06-18,129.07850646972656
2021-06-21,130.71759033203125
2021-06-22,130.44436645507812
2021-06-23,130.1614532470703
2021-06-24,129.86875915527344
2021-06-25,131.49813842773438
2021-06-28,133.01034545898438
2021-06-29,133.62501525878906
2021-06-30,133.92747497558594
2021-07-01,136.5519561767578
2021-07-02,138.5618438720703
2021-07-06,141.04971313476562
2021-07-07,139.7521514892578
2021-07-08,141.5765838623047
2021-07-09,140.98143005371094
2021-07-12,142.09364318847656
2021-07-13,145.51815795898438
2021-07-14,144.864501953125
2021-07-15,142.82540893554688
2021-07-16,138.9812774658203
2021-07-19,142.59124755859375
2021-07-20,141.85951232910156
2021-07-21,143.22543334960938
2021-07-22,144.9425506591797
2021-07-23,145.362060546875
2021-07-26,143.19619750976562
2021-07-27,141.4497528076172
2021-07-28,142.09364318847656
2021-07-29,142.30828857421875
2021-07-30,141.9766082763672
2021-08-02,143.7717742919922
2021-08-03,143.37176513671875
2021-08-04,143.47906494140625
2021-08-05,142.79507446289062
2021-08-06,142.74624633789062
2021-08-09,142.26748657226562
2021-08-10,142.52149963378906
2021-08-11,145.48220825195312
2021-08-12,145.68736267089844
2021-08-13,147.66111755371094
2021-08-16,146.75244140625
2021-08-17,143.0100860595703
2021-08-18,143.34230041503906
2021-08-19,144.7982177734375
2021-08-20,146.28338623046875
2021-08-23,146.19546508789062
2021-08-24,144.9643096923828
2021-08-25,144.16305541992188
2021-08-26,145.19882202148438
2021-08-27,149.61532592773438
2021-08-30,148.3548583984375
2021-08-31,149.01931762695312
2021-09-01,150.13320922851562
2021-09-02,150.7683563232422
2021-09-03,153.10362243652344
2021-09-07,151.55978393554688
2021-09-08,150.54359436035156
2021-09-09,145.5603485107422
2021-09-10,146.12704467773438
2021-09-13,144.72979736328125
2021-09-14,145.61895751953125
2021-09-15,145.3844451904297
2021-09-16,142.7169189453125
2021-09-17,139.66835021972656
2021-09-20,140.14710998535156
2021-09-21,142.51174926757812
2021-09-22,143.4693145751953
2021-09-23,143.5572509765625
2021-09-24,142.042724609375
2021-09-27,138.6619110107422
2021-09-28,139.56085205078125
2021-09-29,138.2613067626953
2021-09-30,139.3849639892578
2021-10-01,135.95535278320312
2021-10-04,137.8802490234375
2021-10-05,138.74986267089844
2021-10-06,140.0103302001953
2021-10-07,139.6292724609375
2021-10-08,139.5413360595703
2021-10-11,138.27108764648438
2021-10-12,137.68484497070312
2021-10-13,140.46958923339844
2021-10-14,141.5248260498047
2021-10-15,143.19573974609375
2021-10-18,145.35516357421875
2021-10-19,145.84368896484375
2021-10-20,146.05862426757812
2021-10-21,145.28675842285156
2021-10-22,145.2378692626953
2021-10-25,145.9022979736328
2021-10-26,145.4430694580078
2021-10-27,149.0779571533203
2021-10-28,146.37135314941406
2021-10-29,145.5505828857422
2021-11-01,146.5863037109375
2021-11-02,148.0226593017578
2021-11-03,147.5048065185547
2021-11-04,148.03317260742188
2021-11-05,147.2112274169922
2021-11-08,147.5733184814453
2021-11-09,144.7453155517578
2021-11-10,144.69642639160156
2021-11-11,146.7708740234375
2021-11-12,146.78065490722656
2021-11-15,147.7592010498047
2021-11-16,150.1957550048828
2021-11-17,154.4817657470703
2021-11-18,157.10423278808594
2021-11-19,157.56414794921875
2021-11-22,157.94580078125
2021-11-23,158.4644012451172
2021-11-24,153.4445343017578
2021-11-26,156.8009033203125
2021-11-29,161.75233459472656
2021-11-30,161.2336883544922
2021-12-01,160.24534606933594
2021-12-02,158.36656188964844
2021-12-03,161.77186584472656
2021-12-06,167.506103515625
2021-12-07,171.3224334716797
2021-12-08,170.81356811523438
2021-12-09,175.59860229492188
2021-12-10,171.96824645996094
2021-12-13,170.58851623535156
2021-12-14,175.45181274414062
2021-12-15,168.56289672851562
2021-12-16,167.46694946289062
2021-12-17,166.1068115234375
2021-12-20,169.27725219726562
2021-12-21,171.870361328125
2021-12-22,172.49661254882812
2021-12-23,176.45970153808594
2021-12-27,175.44204711914062
2021-12-28,175.5301055908203
2021-12-29,174.3754425048828
2021-12-30,173.75897216796875
2021-12-31,178.10366821289062
2022-01-03,175.84324645996094
2022-01-04,171.1658477783203
2022-01-05,168.3085174560547
2022-01-06,168.474853515625
2022-01-07,168.49444580078125
2022-01-10,171.3224334716797
2022-01-11,171.76271057128906
2022-01-12,168.49444580078125
2022-01-13,169.35556030273438
2022-01-14,166.1557159423828
2022-01-18,162.662353515625
2022-01-19,160.97926330566406
2022-01-20,158.92434692382812
2022-01-21,158.1512908935547
2022-01-24,156.35076904296875
2022-01-25,156.26268005371094
2022-01-26,155.8028106689453
2022-01-27,166.6743621826172
2022-01-28,171.02883911132812
2022-01-31,170.8624725341797
2022-02-01,172.06610107421875
2022-02-02,169.18917846679688
2022-02-03,168.905029296875
2022-02-04,168.1898193359375
2022-02-07,171.29574584960938
2022-02-08,172.71641540527344
2022-02-09,168.64048767089844
2022-02-10,165.23089599609375
2022-02-11,165.4660186767578
2022-02-14,169.2969512939453
2022-02-15,169.06185913085938
2022-02-16,165.4660186767578
2022-02-17,163.9179229736328
2022-02-18,160.99819946289062
2022-02-22,156.8341522216797
2022-02-23,159.4501190185547
2022-02-24,161.51744079589844
2022-02-25,161.78199768066406
2022-02-28,159.90081787109375
2022-03-01,163.19293212890625
2022-03-02,162.8695831298828
2022-03-03,159.8714141845703
2022-03-04,156.07969665527344
2022-03-07,154.2572784423828
2022-03-08,159.65585327148438
2022-03-09,155.31544494628906
2022-03-10,151.60202026367188
2022-03-11,147.57513427734375
2022-03-14,151.95477294921875
2022-03-15,156.36380004882812
2022-03-16,157.37295532226562
2022-03-17,160.66510009765625
2022-03-18,162.03675842285156
2022-03-21,165.4072265625
2022-03-22,166.7691192626953
2022-03-23,170.5511016845703
2022-03-24,171.18797302246094
2022-03-25,172.0501708984375
2022-03-28,175.34225463867188
2022-03-29,174.17633056640625
2022-03-30,171.08018493652344
2022-03-31,170.78623962402344
2022-04-01,174.83274841308594
2022-04-04,171.52108764648438
2022-04-05,168.3563690185547
2022-04-06,168.6601104736328
2022-04-07,166.65151977539062
2022-04-08,162.39927673339844
2022-04-11,164.27066040039062
2022-04-12,166.9552764892578
2022-04-13,161.94862365722656
2022-04-14,161.73304748535156
2022-04-18,164.01588439941406
2022-04-19,163.84933471679688
2022-04-20,163.0557098388672
2022-04-21,158.51931762695312
2022-04-22,159.58734130859375
2022-04-25,153.63021850585938
2022-04-26,153.4049072265625
2022-04-27,160.3319549560547
2022-04-28,154.46302795410156
2022-04-29,154.76678466796875
2022-05-02,156.2560577392578
2022-05-03,162.66384887695312
2022-05-04,153.60081481933594
2022-05-05,154.32691955566406
2022-05-06,149.20492553710938
2022-05-09,151.60891723632812
2022-05-10,143.74935913085938
2022-05-11,139.88330078125
2022-05-12,144.34786987304688
2022-05-13,142.80734252929688
2022-05-16,146.43788146972656
2022-05-17,138.17601013183594
2022-05-18,134.77114868164062
2022-05-19,135.0066375732422
2022-05-20,140.4229736328125
2022-05-23,137.72459411621094
2022-05-24,137.88160705566406
2022-05-25,141.0803985595703
2022-05-26,146.83038330078125
2022-05-27,146.04539489746094
2022-05-31,145.91783142089844
2022-06-01,148.37091064453125
2022-06-02,142.6503448486328
2022-06-03,143.3960723876953
2022-06-06,145.91783142089844
2022-06-07,145.18191528320312
2022-06-08,139.96180725097656
2022-06-09,134.55526733398438
2022-06-10,129.4038543701172
2022-06-13,130.26734924316406
2022-06-14,132.88719177246094
2022-06-15,127.6180191040039
2022-06-16,129.08985900878906
2022-06-17,133.3188934326172
2022-06-21,132.80870056152344
2022-06-22,135.67384338378906
2022-06-23,139.0001983642578
2022-06-24,139.0001983642578
2022-06-27,134.8594512939453
2022-06-28,136.61582946777344
2022-06-29,134.15293884277344
2022-06-30,136.3214569091797
2022-07-01,138.902099609375
2022-07-05,140.2365264892578
2022-07-06,143.60218811035156
2022-07-07,144.27915954589844
2022-07-08,142.14991760253906
2022-07-11,143.12132263183594
2022-07-12,142.75830078125
2022-07-13,145.6823272705078
2022-07-14,147.3504180908203
2022-07-15,144.30865478515625
2022-07-18,148.1648406982422
2022-07-19,150.16653442382812
2022-07-20,152.43319702148438
2022-07-21,151.19680786132812
2022-07-22,150.07823181152344
2022-07-25,148.75357055664062
2022-07-26,153.8461456298828
2022-07-27,154.39559936523438
2022-07-28,159.45872497558594
2022-07-29,158.47752380371094
2022-08-01,157.00567626953125
2022-08-02,163.01077270507812
2022-08-03,162.69677734375
2022-08-04,162.4707489013672
2022-08-05,161.99913024902344
2022-08-08,162.04824829101562
2022-08-09,166.2930450439453
2022-08-10,165.5561065673828
2022-08-11,169.10324096679688
2022-08-12,170.17422485351562
2022-08-15,170.01699829101562
2022-08-16,171.51055908203125
2022-08-17,171.11753845214844
2022-08-18,168.5333251953125
2022-08-19,164.65213012695312
2022-08-22,164.31800842285156
2022-08-23,164.61279296875
2022-08-24,167.0692901611328
2022-08-25,160.77088928222656
2022-08-26,158.5699005126953
2022-08-29,156.14292907714844
2022-08-30,154.48233032226562
2022-08-31,155.20947265625
2022-09-01,153.09689331054688
2022-09-02,151.8391571044922
2022-09-06,153.24427795410156
2022-09-07,151.7703857421875
2022-09-08,154.62977600097656
2022-09-09,160.58421325683594
2022-09-12,151.16119384765625
2022-09-13,152.60560607910156
2022-09-14,149.716796875
2022-09-15,148.07589721679688
2022-09-16,151.79006958007812
2022-09-19,154.1678924560547
2022-09-20,151.04327392578125
2022-09-21,150.0803680419922
2022-09-22,147.81056213378906
2022-09-23,148.14463806152344
2022-09-26,149.11740112304688
2022-09-27,147.2308349609375
2022-09-28,139.99899291992188
2022-09-29,135.7935028076172
2022-09-30,139.9695281982422
2022-10-03,143.5559844970703
2022-10-04,143.85073852539062
2022-10-05,142.8976287841797
2022-10-06,137.65060424804688
2022-10-07,137.97488403320312
2022-10-10,136.55995178222656
2022-10-11,135.93106079101562
2022-10-12,140.5001220703125
2022-10-13,135.9703826904297
2022-10-14,139.93020629882812
2022-10-17,141.24688720703125
2022-10-18,141.35498046875
2022-10-19,140.89317321777344
2022-10-20,144.7056121826172
2022-10-21,146.8476104736328
2022-10-24,149.6873016357422
2022-10-25,146.7493438720703
2022-10-26,142.27859497070312
2022-10-27,153.0281219482422
2022-10-28,150.66989135742188
2022-10-31,148.02674865722656
2022-11-01,142.5045928955078
2022-11-02,136.46168518066406
2022-11-03,136.19593811035156
2022-11-04,136.72744750976562
2022-11-07,137.29827880859375
2022-11-08,132.74136352539062
2022-11-09,144.55197143554688
2022-11-10,147.3372802734375
2022-11-11,145.93972778320312
2022-11-14,147.6719207763672
2022-11-15,146.44163513183594
2022-11-16,148.3411865234375
2022-11-17,148.9021759033203
2022-11-18,145.67396545410156
2022-11-21,147.80970764160156
2022-11-22,148.6856689453125
2022-11-23,145.7723846435547
2022-11-25,141.9437713623047
2022-11-28,138.94189453125
2022-11-29,145.69363403320312
2022-11-30,145.96920776367188
2022-12-01,145.47708129882812
2022-12-02,144.31573486328125
2022-12-05,140.65444946289062
2022-12-06,138.7155303955078
2022-12-07,140.39854431152344
2022-12-08,139.91629028320312
2022-12-09,142.20950317382812
2022-12-12,143.17404174804688
2022-12-13,140.94973754882812
2022-12-14,134.34564208984375
2022-12-15,132.38705444335938
2022-12-16,130.2808380126953
2022-12-19,130.21192932128906
2022-12-20,133.3121795654297
2022-12-21,130.14300537109375
2022-12-22,129.77886962890625
2022-12-23,127.97775268554688
2022-12-27,124.05072784423828
2022-12-28,127.56436920166016
2022-12-29,127.87931060791016
2022-12-30,123.09603118896484
2023-01-03,124.36566162109376
2023-01-04,123.04680633544922
2023-01-05,127.57421112060548
2023-01-06,128.0958251953125
2023-01-09,128.66671752929688
2023-01-10,131.38311767578125
2023-01-11,131.30438232421875
